pkd_code,opis,szczegoly
01.11.Z,"Uprawa zbóż, roślin strączkowych i roślin oleistych na nasiona, z wyłączeniem ryżu","Obejmuje uprawę zbóż takich jak pszenica, żyto, jęczmień, owies, kukurydza, ryż. Uprawa roślin strączkowych jak groch, fasola, soczewica, bób. Uprawa roślin oleistych na nasiona jak rzepak, słonecznik, soja, len oleisty, gorczyca."
01.12.Z,"Uprawa ryżu","Obejmuje uprawę ryżu na polach nawadnianych i nienawadnianych."
01.13.Z,"Uprawa warzyw, włączając melony oraz uprawa roślin korzeniowych i roślin bulwiastych","Obejmuje uprawę warzyw liściowych jak sałata, szpinak, kapusta. Uprawę warzyw owocowych jak pomidory, ogórki, papryka, cukinia, bakłażan. Uprawę roślin korzeniowych jak marchew, burak, pietruszka, seler, rzodkiewka. Uprawę roślin bulwiastych jak ziemniak, batat. Uprawę melonów, arbuzów, dyni."
01.14.Z,"Uprawa trzciny cukrowej","Obejmuje uprawę trzciny cukrowej na plantacjach."
01.15.Z,"Uprawa tytoniu","Obejmuje uprawę tytoniu wszystkich odmian, suszenie i wstępną obróbkę liści tytoniowych w gospodarstwie."
01.16.Z,"Uprawa roślin włóknistych","Obejmuje uprawę bawełny, lnu, konopi, juty, sizalu i innych roślin włóknistych."
01.19.Z,"Pozostałe uprawy rolne inne niż wieloletnie","Obejmuje uprawę roślin przyprawowych, aromatycznych, leczniczych. Uprawę kwiatów ciętych i doniczkowych. Uprawę nasion roślin, buraków cukrowych, traw pastewnych. Uprawę pozostałych roślin jednorocznych i dwuletnich."
01.21.Z,"Uprawa winogron","Obejmuje uprawę winogron do produkcji wina, na stół, na rodzynki. Prowadzenie winnic i sadów winogronowych."
01.22.Z,"Uprawa owoców tropikalnych i podzwrotnikowych","Obejmuje uprawę bananów, mango, ananasów, papai, awokado, fig, daktyli, owoców cytrusowych jak pomarańcze, cytryny, grejpfruty, mandarynki, limonki."
01.24.Z,"Uprawa owoców ziarnkowych i pestkowych","Obejmuje uprawę jabłek, gruszek, śliwek, czereśni, wiśni, brzoskwiń, moreli, nektaryn i innych owoców ziarnkowych i pestkowych. Prowadzenie sadów."
01.25.Z,"Uprawa pozostałych drzew i krzewów owocowych oraz orzechów","Obejmuje uprawę jagód, truskawek, malin, porzeczek, agrestu, borówek, jeżyn, żurawiny. Uprawę orzechów włoskich, laskowych, migdałów, kasztanów jadalnych."
01.41.Z,"Chów i hodowla bydła mlecznego","Obejmuje chów i hodowlę bydła mlecznego, produkcję mleka krowiego, utrzymanie krów dojnych, inseminację bydła."
01.42.Z,"Chów i hodowla pozostałego bydła i bawołów","Obejmuje chów i hodowlę bydła mięsnego, opasowego. Hodowlę bydła zarodowego. Produkcję nasienia bydlęcego."
01.46.Z,"Chów i hodowla świń","Obejmuje chów i hodowlę świń, produkcję prosiąt, tuczników, loch, knurów zarodowych. Tucz trzody chlewnej, fermy świń."
01.47.Z,"Chów i hodowla drobiu","Obejmuje chów i hodowlę kur, gęsi, kaczek, indyków, przepiórek, strusi. Produkcję jaj, mięsa drobiowego. Prowadzenie ferm drobiu, wylęgarni, kurników."
01.50.Z,"Uprawy rolne połączone z chowem i hodowlą zwierząt (działalność mieszana)","Obejmuje gospodarstwa rolne prowadzące zarówno uprawę roślin jak i hodowlę zwierząt, gdzie żadna z tych działalności nie dominuje. Gospodarstwa mieszane, rolnictwo wielokierunkowe."
02.10.Z,"Gospodarka leśna i pozostała działalność leśna, z wyłączeniem pozyskiwania produktów leśnych","Obejmuje zagospodarowanie lasu, zalesianie, odnawianie drzewostanów, pielęgnację lasu, ochronę przeciwpożarową lasu, urządzanie lasu, inwentaryzację leśną, szkółkarstwo leśne, produkcję sadzonek drzew leśnych."
02.20.Z,"Pozyskiwanie drewna","Obejmuje pozyskiwanie drewna okrągłego, tartacznego, papierówki, drewna opałowego. Ścinanie drzew, zrywkę, wywóz drewna. Produkcję drewna w stanie surowym, kłód, pali, kołków."
02.30.Z,"Pozyskiwanie dziko rosnących produktów leśnych, z wyłączeniem drewna","Obejmuje zbieranie grzybów, jagód, żurawiny, borówek, jeżyn, owoców leśnych. Zbieranie orzechów, żywicy, korka, kory, mchów, porostów, szyszek. Pozyskiwanie soków drzew, miodu leśnego."
03.11.Z,"Rybołówstwo w wodach morskich","Obejmuje połowy ryb morskich, skorupiaków, mięczaków, krabów, homarów, langust, krewetek. Połowy wielorybów, fok. Pozyskiwanie organizmów morskich jak wodorosty, perły, gąbki naturalne."
03.12.Z,"Rybołówstwo w wodach śródlądowych","Obejmuje połowy ryb słodkowodnych w rzekach, jeziorach, stawach, zbiornikach retencyjnych. Połowy raków, żab. Wędkarstwo komercyjne."
03.21.Z,"Chów i hodowla ryb oraz pozostałych organizmów wodnych w wodach morskich","Obejmuje hodowlę ryb morskich, małży, ostryg, skorupiaków, homarów, krewetek w wodach morskich. Marikulturę, akwakulturę morską. Hodowlę wodorostów morskich."
03.22.Z,"Chów i hodowla ryb oraz pozostałych organizmów wodnych w wodach śródlądowych","Obejmuje hodowlę ryb słodkowodnych jak karp, pstrąg, sum, szczupak, okoń, sandacz, jesiotr. Hodowlę raków, żab. Prowadzenie stawów rybnych, akwakultury słodkowodnej."
10.11.Z,"Przetwarzanie i konserwowanie mięsa, z wyłączeniem mięsa z drobiu","Obejmuje ubój zwierząt rzeźnych: bydła, świń, owiec, kóz, koni. Produkcję mięsa świeżego, chłodzonego, mrożonego. Produkcję skór surowych ze zwierząt rzeźnych. Wytapianie i rafinację tłuszczów zwierzęcych jadalnych. Produkcję mączki mięsnej."
10.12.Z,"Przetwarzanie i konserwowanie mięsa z drobiu","Obejmuje ubój drobiu: kur, gęsi, kaczek, indyków. Produkcję mięsa drobiowego świeżego, chłodzonego, mrożonego. Produkcję pierza i puchu."
10.13.Z,"Produkcja wyrobów z mięsa, włączając wyroby z mięsa drobiowego","Obejmuje produkcję wędlin, kiełbas, salami, boczku, szynki, pasztetów, konserw mięsnych, wyrobów garmażeryjnych z mięsa. Wędzenie mięsa, solenie, suszenie."
10.20.Z,"Przetwarzanie i konserwowanie ryb, skorupiaków i mięczaków","Obejmuje przetwarzanie ryb, skorupiaków i mięczaków: mrożenie, wędzenie, solenie, marynowanie, suszenie. Produkcję filetów rybnych, konserw rybnych, kawioru. Produkcję mączki rybnej."
10.31.Z,"Przetwarzanie i konserwowanie ziemniaków","Obejmuje produkcję mrożonych ziemniaków, frytek, chipsów, mąki ziemniaczanej, skrobi ziemniaczanej, płatków ziemniaczanych, krokietów, purée ziemniaczanego."
10.39.Z,"Pozostałe przetwarzanie i konserwowanie owoców i warzyw","Obejmuje produkcję soków owocowych i warzywnych, dżemów, marmolad, powideł, kompotów, mrożonek owocowych i warzywnych, suszonych owoców i warzyw, kiszonek, marynat, koncentratów pomidorowych."
10.41.Z,"Produkcja olejów i pozostałych tłuszczów płynnych","Obejmuje produkcję olejów roślinnych: rzepakowego, słonecznikowego, sojowego, oliwy z oliwek, oleju lnianego, kokosowego. Produkcję margaryny, tłuszczów roślinnych."
10.51.Z,"Przetwórstwo mleka i wyrób serów","Obejmuje produkcję mleka pasteryzowanego, sterylizowanego, homogenizowanego. Produkcję śmietany, jogurtów, kefirów, maślanki. Produkcję masła, serów twarogowych, dojrzewających, topionych. Produkcję lodów mlecznych, kazeiny, laktozy."
10.61.Z,"Wytwarzanie produktów przemiału zbóż","Obejmuje mielenie zbóż: produkcję mąki pszennej, żytniej, kukurydzianej. Produkcję kasz, płatków zbożowych, grysiku, mąki ryżowej. Obłuskiwanie ryżu. Przemiał zbóż na paszę."
10.71.Z,"Produkcja pieczywa; produkcja świeżych wyrobów ciastkarskich i ciastek","Obejmuje produkcję chleba, bułek, bagietek, rogalików, drożdżówek. Produkcję ciast, tortów, ciastek, pączków, pierogów, pizzy. Piekarnie rzemieślnicze i przemysłowe."
10.72.Z,"Produkcja sucharów i herbatników; produkcja konserwowanych wyrobów ciastkarskich i ciastek","Obejmuje produkcję sucharów, herbatników, krakersów, wafli, pierników, ciastek o przedłużonej trwałości. Produkcję słodkich i słonych wyrobów przekąskowych."
10.82.Z,"Produkcja kakao, czekolady i wyrobów cukierniczych","Obejmuje produkcję czekolady, czekoladek, pralin, tabliczek czekoladowych. Produkcję kakao w proszku, masła kakaowego. Produkcję cukierków, karmelków, pomadek, draży, gumy do żucia, żelków."
10.83.Z,"Przetwórstwo herbaty i kawy","Obejmuje palenie i mielenie kawy, produkcję kawy rozpuszczalnej, bezkofeinowej, ekstraktów kawowych. Produkcję herbaty pakowanej, herbaty rozpuszczalnej, mieszanek herbat, herbat aromatyzowanych. Produkcję yerba mate."
10.85.Z,"Wytwarzanie gotowych posiłków i dań","Obejmuje produkcję gotowych dań mrożonych, chłodzonych, w puszkach, próżniowo pakowanych. Produkcję posiłków dietetycznych, obiadów gotowych do spożycia, zestawów obiadowych. Catering przemysłowy, żywienie zbiorowe."
10.86.Z,"Produkcja artykułów spożywczych homogenizowanych i żywności dietetycznej","Obejmuje produkcję żywności dla niemowląt i małych dzieci, odżywek, preparatów mlekozastępczych, kaszek. Produkcję żywności dietetycznej, niskobiałkowej, bezglutenowej, dla diabetyków, sportowców."
10.89.Z,"Produkcja pozostałych artykułów spożywczych, gdzie indziej niesklasyfikowana","Obejmuje produkcję zup i bulionów, drożdży, sosów, przypraw, musztardy, octu, majonezu, keczupu. Produkcję makaronu, klusek, pierogów. Produkcję suplementów diety, odżywek białkowych."
11.01.Z,"Destylowanie, rektyfikowanie i mieszanie alkoholi","Obejmuje produkcję wódki, whisky, brandy, ginu, likierów, nalewek, spirytusu. Destylację alkoholi, produkcję napojów spirytusowych, mieszanie alkoholi, rozlewanie."
11.05.Z,"Produkcja piwa","Obejmuje produkcję piwa jasnego, ciemnego, pszenicznego, porter, lager, ale, IPA. Warzenie piwa w browarach przemysłowych i rzemieślniczych, minibrowarach."
11.07.Z,"Produkcja napojów bezalkoholowych; produkcja wód mineralnych i pozostałych wód butelkowanych","Obejmuje produkcję wód mineralnych, wód źródlanych, wody gazowanej. Produkcję napojów orzeźwiających, lemoniad, soków, nektarów, napojów energetycznych, izotonicznych, mrożonej herbaty, napojów gazowanych."
13.10.Z,"Przygotowanie i przędzenie włókien tekstylnych","Obejmuje zgrzeblenie, czesanie, przędzenie włókien bawełnianych, wełnianych, lnianych, jedwabnych, syntetycznych. Produkcję przędzy, nici, sznurków. Przygotowywanie włókien tekstylnych."
13.20.Z,"Produkcja tkanin","Obejmuje tkanie tkanin bawełnianych, wełnianych, lnianych, jedwabnych, syntetycznych na krosnach tkackich. Produkcję tkanin technicznych, dekoracyjnych, obiciowych, namiotowych."
13.92.Z,"Produkcja gotowych wyrobów tekstylnych, z wyłączeniem odzieży","Obejmuje produkcję koców, pledów, narzut, pościeli, poszewek, obrusów, serwet, ścierek, ręczników, zasłon, firan, rolet tekstylnych, flag, proporczyków, namiotów, żagli, spadochronów, worków."
14.11.Z,"Produkcja odzieży skórzanej","Obejmuje produkcję odzieży ze skóry naturalnej: kurtek, płaszczy, spodni, spódnic skórzanych. Produkcję odzieży ze skóry zamszowej."
14.12.Z,"Produkcja odzieży roboczej","Obejmuje produkcję odzieży ochronnej, roboczej, BHP. Produkcję kombinezonów, fartuchów, kamizelek odblaskowych, mundurów, uniformów, odzieży dla służb."
14.13.Z,"Produkcja pozostałej odzieży wierzchniej","Obejmuje produkcję płaszczy, kurtek, marynarek, garniturów, kostiumów, spodni, spódnic, sukienek, bluzek. Produkcję odzieży damskiej, męskiej, dziecięcej."
14.14.Z,"Produkcja bielizny","Obejmuje produkcję bielizny osobistej: koszul, podkoszulków, majtek, bokserek, biustonoszy, gorsetów, koszul nocnych, piżam. Produkcję bielizny męskiej, damskiej, dziecięcej."
14.19.Z,"Produkcja pozostałej odzieży i dodatków do odzieży","Obejmuje produkcję czapek, kapeluszy, szalików, rękawiczek, krawatów, pasków, szelek, parasoli, chust. Produkcję odzieży sportowej, kąpielowej, narciarskiej."
15.11.Z,"Wyprawa skór, garbowanie; wyprawa i barwienie skór futerkowych","Obejmuje garbowanie, wyprawianie skór bydlęcych, świńskich, owczych, kozich. Barwienie skór. Produkcję skór lakierowanych, zamszowych, nubukowych. Wyprawianie futer."
15.12.Z,"Produkcja toreb bagażowych, toreb ręcznych i podobnych wyrobów ze skóry","Obejmuje produkcję torebek damskich, portfeli, portmonetek, walizek, kufrów, plecaków, teczek, aktówek, pasków, etui ze skóry naturalnej i sztucznej."
15.20.Z,"Produkcja obuwia","Obejmuje produkcję butów, trzewików, kozaków, sandałów, klapek, pantofli, tenisówek, obuwia sportowego, roboczego, ortopedycznego. Produkcję obuwia ze skóry, gumy, tworzyw sztucznych, tekstyliów."
16.10.Z,"Produkcja wyrobów tartacznych","Obejmuje piłowanie, struganie, impregnowanie drewna. Produkcję desek, bali, belek, krawędziaków, łat, listew, tarcicy. Produkcję podkładów kolejowych, palet drewnianych, opakowań drewnianych."
16.21.Z,"Produkcja arkuszy fornirowych i płyt wykonanych na bazie drewna","Obejmuje produkcję sklejki, płyt wiórowych, pilśniowych, MDF, HDF, OSB, płyt fornirowanych. Produkcję fornirów, oklein drewnianych."
16.23.Z,"Produkcja pozostałych wyrobów stolarskich i ciesielskich dla budownictwa","Obejmuje produkcję okien, drzwi, podłóg, parkietów drewnianych, schodów, balustrad, belek dachowych, więźb dachowych, domów drewnianych prefabrykowanych, drewnianej stolarki budowlanej."
16.29.Z,"Produkcja pozostałych wyrobów z drewna; produkcja wyrobów z korka, słomy i materiałów używanych do wyplatania","Obejmuje produkcję przedmiotów z drewna: ramek, szpulek, wieszaków, narzędzi drewnianych, zabawek drewnianych. Produkcję wyrobów z korka: zatyczek, podkładek. Produkcję wyrobów ze słomy, wikliny: koszy, mat."
17.11.Z,"Produkcja masy włóknistej","Obejmuje produkcję masy celulozowej, ścieru drzewnego, masy włóknistej z odzysku (makulatury). Produkcję celulozy siarczanowej, siarczynowej."
17.12.Z,"Produkcja papieru i tektury","Obejmuje produkcję papieru gazetowego, drukarskiego, pisarskiego, pakunkowego, higienicznego, filtracyjnego, bibułki. Produkcję tektury litej, falistej, pudełkowej."
17.21.Z,"Produkcja papieru falistego i tektury falistej oraz opakowań z papieru i tektury","Obejmuje produkcję pudełek kartonowych, opakowań z tektury falistej, pudeł, kartonów, kopert, toreb papierowych, worków papierowych. Produkcję opakowań transportowych i spożywczych."
18.11.Z,"Drukowanie gazet","Obejmuje drukowanie gazet codziennych, tygodników, dzienników na papierze gazetowym. Druk offsetowy gazet."
18.12.Z,"Pozostałe drukowanie","Obejmuje drukowanie książek, broszur, plakatów, ulotek, katalogów, kalendarzy, formularzy, etykiet, wizytówek. Druk offsetowy, cyfrowy, sitodruk, fleksografia. Usługi drukarskie."
18.13.Z,"Działalność usługowa związana z przygotowywaniem do druku","Obejmuje skład tekstu, fotoskład, naświetlanie płyt drukarskich, przygotowanie plików do druku, retusz, korektę, montaż, impozycję. Działalność prepress, DTP."
20.11.Z,"Produkcja gazów technicznych","Obejmuje produkcję tlenu, azotu, argonu, wodoru, helu, dwutlenku węgla, acetylenu, gazów szlachetnych. Produkcję suchego lodu, skroplonych gazów."
20.12.Z,"Produkcja barwników i pigmentów","Obejmuje produkcję barwników syntetycznych, pigmentów, farb drukarskich, tonerów, atramentów. Produkcję bieli tytanowej, pigmentów organicznych i nieorganicznych."
20.13.Z,"Produkcja pozostałych podstawowych chemikaliów nieorganicznych","Obejmuje produkcję kwasów: solnego, siarkowego, azotowego. Produkcję zasad: sody kaustycznej. Produkcję soli chemicznych, chloru, wodorotlenków, tlenków metali."
20.14.Z,"Produkcja pozostałych podstawowych chemikaliów organicznych","Obejmuje produkcję alkoholi, rozpuszczalników organicznych, kwasów organicznych. Produkcję etylenu, propylenu, butadienu, benzenu, toluenu, styrenu. Produkcję estrów, eterów, aldehydów."
20.30.Z,"Produkcja farb, lakierów i podobnych powłok, farb drukarskich i mas uszczelniających","Obejmuje produkcję farb emulsyjnych, olejnych, akrylowych, lakierów, emalii, bejc, impregnatów. Produkcję farb proszkowych, antykorozyjnych, podkładowych. Produkcję kitów, szpachli, mas uszczelniających, silikonów."
20.41.Z,"Produkcja mydła i detergentów, środków myjących i czyszczących","Obejmuje produkcję mydeł, płynów do mycia naczyń, proszków do prania, płynów do prania, płukania, zmiękczania. Produkcję środków czyszczących, odplamiających, wybielających, dezynfekujących."
20.42.Z,"Produkcja wyrobów kosmetycznych i toaletowych","Obejmuje produkcję kremów, balsamów, toników, szamponów, odżywek, żeli pod prysznic. Produkcję perfum, wód toaletowych, dezodorantów, past do zębów. Produkcję makijażu: szminek, cieni, tuszy, lakierów do paznokci."
20.51.Z,"Produkcja materiałów wybuchowych","Obejmuje produkcję materiałów wybuchowych, prochów strzelniczych, detonatorów, zapalników, lontu. Produkcję fajerwerków, petard, ogni sztucznych, rac, materiałów pirotechnicznych."
20.59.Z,"Produkcja pozostałych wyrobów chemicznych, gdzie indziej niesklasyfikowana","Obejmuje produkcję klejów, żelatyny, olejków eterycznych, preparatów fotograficznych, nośników zapisu, peptonu. Produkcję odczynników chemicznych, chemii laboratoryjnej, atramentów."
21.10.Z,"Produkcja podstawowych substancji farmaceutycznych","Obejmuje produkcję substancji czynnych farmaceutycznie, antybiotyków, witamin, hormonów, salicylanów. Przetwarzanie krwi."
21.20.Z,"Produkcja leków i pozostałych wyrobów farmaceutycznych","Obejmuje produkcję leków: tabletek, kapsułek, syropów, maści, zastrzyków, szczepionek, surowic. Produkcję plastrów medycznych, waty, bandaży, opatrunków. Produkcję preparatów weterynaryjnych."
22.11.Z,"Produkcja opon i dętek z gumy; bieżnikowanie i regenerowanie opon z gumy","Obejmuje produkcję opon samochodowych, motocyklowych, rowerowych, rolniczych, przemysłowych. Produkcję dętek, osłon ochronnych. Bieżnikowanie opon używanych."
22.19.Z,"Produkcja pozostałych wyrobów z gumy","Obejmuje produkcję płyt, arkuszy, pasów, węży, rur z gumy. Produkcję uszczelek, pasków klinowych, taśm transporterowych, wyrobów higienicznych z gumy, rękawic gumowych, podeszew, obcasów gumowych."
22.21.Z,"Produkcja płyt, arkuszy, rur i kształtowników z tworzyw sztucznych","Obejmuje produkcję płyt, folii, rur, profili, prętów z PVC, PE, PP, poliwęglanu, akrylu. Wytłaczanie, formowanie tworzyw sztucznych."
22.22.Z,"Produkcja opakowań z tworzyw sztucznych","Obejmuje produkcję toreb, worków, butelek, pojemników, skrzynek, palet z tworzyw sztucznych. Produkcję folii opakowaniowej, opakowań blistrowych, tacek styropianowych."
22.23.Z,"Produkcja wyrobów dla budownictwa z tworzyw sztucznych","Obejmuje produkcję okien, drzwi, ram z PVC, paneli ściennych, wykładzin podłogowych, rynien, rur kanalizacyjnych z tworzyw sztucznych. Produkcję izolacji, membran budowlanych."
22.29.Z,"Produkcja pozostałych wyrobów z tworzyw sztucznych","Obejmuje produkcję artykułów gospodarstwa domowego z plastiku, zabawek plastikowych, elementów odzieży z plastiku. Produkcję wyrobów technicznych, części maszyn z tworzyw sztucznych, wtryskiwanie tworzyw sztucznych."
23.11.Z,"Produkcja szkła płaskiego","Obejmuje produkcję szkła float, ciągnionego, walcowanego, płaskiego. Produkcję szkła hartowanego, laminowanego, lustrzanego, ornamentowego."
23.12.Z,"Kształtowanie i obróbka szkła płaskiego","Obejmuje cięcie, szlifowanie, polerowanie, hartowanie, laminowanie, powlekanie szkła. Produkcję szyb zespolonych, luster, szkła bezpiecznego."
23.13.Z,"Produkcja szkła gospodarczego","Obejmuje produkcję szklanek, kieliszków, butelek, słoików, wazonów, talerzy szklanych. Produkcję szkła kryształowego, żaroodpornego, borokrzemianowego."
23.19.Z,"Produkcja i obróbka pozostałego szkła, włączając szkło techniczne","Obejmuje produkcję włókna szklanego, izolacji ze szkła, szkła laboratoryjnego, szkła optycznego, rur szklanych, ampułek, bloków szklanych, szkła technicznego."
23.31.Z,"Produkcja ceramicznych kafli i płytek","Obejmuje produkcję płytek ceramicznych ściennych, podłogowych, mozaiki ceramicznej, glazury, terakoty, gresu. Produkcję kafli piecowych."
23.32.Z,"Produkcja cegieł, dachówek i materiałów budowlanych z wypalanej gliny","Obejmuje produkcję cegieł, dachówek, pustaków ceramicznych, bloczków, kominów ceramicznych, elementów ceramicznych dla budownictwa."
23.51.Z,"Produkcja cementu","Obejmuje produkcję cementu portlandzkiego, glinowego, hutniczego, pucolanowego. Produkcję klinkieru cementowego."
23.52.Z,"Produkcja wapna i gipsu","Obejmuje produkcję wapna palonego, gaszonego, hydraulicznego. Produkcję gipsu, tynków gipsowych, płyt gipsowo-kartonowych, gipsu budowlanego, medycznego."
23.61.Z,"Produkcja wyrobów budowlanych z betonu","Obejmuje produkcję bloczków betonowych, pustaków, krawężników, płyt chodnikowych, elementów prefabrykowanych z betonu, słupów, belek, nadproży. Produkcję rur betonowych, studzienek kanalizacyjnych, ogrodzeń betonowych."
23.63.Z,"Produkcja masy betonowej prefabrykowanej","Obejmuje produkcję betonu towarowego, masy betonowej, zaprawy murarskiej, tynkarskiej. Wytwórnie betonu, betoniarnie."
23.69.Z,"Produkcja pozostałych wyrobów z betonu, gipsu i cementu","Obejmuje produkcję figur gipsowych, ornamentów, rzeźb z betonu i gipsu. Produkcję sztucznego kamienia, wyrobów z włóknocementu."
24.10.Z,"Produkcja surówki, żelazostopów, żeliwa i stali oraz wyrobów hutniczych","Obejmuje produkcję surówki żelaza, stali w hutach, żelazostopów. Produkcję wyrobów walcowanych: blach, taśm, prętów, kątowników, szyn. Odlewanie stali, żeliwa."
24.20.Z,"Produkcja rur, przewodów, kształtowników zamkniętych i łączników ze stali","Obejmuje produkcję rur stalowych spawanych i bez szwu, kształtowników zamkniętych, łączników rurowych, kołnierzy, złączek stalowych."
24.42.Z,"Produkcja aluminium","Obejmuje produkcję aluminium, tlenku aluminium (aluminy), folii aluminiowej, proszku aluminiowego. Wytapianie, rafinowanie, walcowanie, wyciskanie aluminium."
25.11.Z,"Produkcja konstrukcji metalowych i ich części","Obejmuje produkcję hal stalowych, wiat, hangarów, konstrukcji mostowych, słupów, masztów, wież. Produkcję schodów stalowych, balustrad, bramek, ogrodzeń metalowych, kontenerów."
25.12.Z,"Produkcja metalowych elementów stolarki budowlanej","Obejmuje produkcję drzwi, bram, okien, ram metalowych. Produkcję żaluzji, rolet metalowych, ościeżnic, progów, parapetów metalowych."
25.21.Z,"Produkcja grzejników i kotłów centralnego ogrzewania","Obejmuje produkcję grzejników żeliwnych, stalowych, aluminiowych. Produkcję kotłów grzewczych, wymienników ciepła, instalacji centralnego ogrzewania."
25.29.Z,"Produkcja pozostałych zbiorników, cystern i pojemników metalowych","Obejmuje produkcję zbiorników, silosów, cystern, beczek, pojemników metalowych, kontenerów na odpady, koszy, kubłów metalowych."
25.50.Z,"Kucie, prasowanie, wytłaczanie i walcowanie metali; metalurgia proszków","Obejmuje kuźnictwo swobodne i matrycowe, tłoczenie, prasowanie, walcowanie metali. Metalurgię proszków, spiekanie metali."
25.61.Z,"Obróbka metali i nakładanie powłok na metale","Obejmuje cynkowanie, chromowanie, niklowanie, galwanizowanie, anodowanie, malowanie proszkowe, lakierowanie metali. Obróbka cieplna, hartowanie, nawęglanie."
25.62.Z,"Obróbka mechaniczna elementów metalowych","Obejmuje toczenie, frezowanie, wiercenie, szlifowanie, polerowanie, cięcie laserowe, cięcie plazmowe, gięcie, spawanie elementów metalowych. Obróbka CNC."
25.71.Z,"Produkcja wyrobów nożowniczych","Obejmuje produkcję noży, scyzoryków, żyletek, brzytew, nożyczek, sekatorów, maczet. Produkcję sztućców: łyżek, widelców, łyżeczek."
25.72.Z,"Produkcja zamków i zawiasów","Obejmuje produkcję zamków, kłódek, zawiasów, zasuw, rygli, wkładek zamkowych, zamknięć, okuć meblowych, budowlanych."
25.73.Z,"Produkcja narzędzi","Obejmuje produkcję narzędzi ręcznych: młotków, śrubokrętów, kluczy, kombinerek, pił, dłut, pilników. Produkcję narzędzi ogrodniczych: łopat, grabi, siekier, sekatorów."
25.91.Z,"Produkcja pojemników metalowych","Obejmuje produkcję puszek, konserw metalowych, skrzynek, pudełek, tac, zasobników metalowych. Produkcję opakowań metalowych na żywność i napoje."
25.93.Z,"Produkcja wyrobów z drutu, łańcuchów i sprężyn","Obejmuje produkcję drutu stalowego, miedziowego, aluminiowego, siatki ogrodzeniowej, plecionej. Produkcję łańcuchów, sprężyn, haczyków, klamer, spinaczy, gwoździ, śrub, nitów."
25.99.Z,"Produkcja pozostałych gotowych wyrobów metalowych, gdzie indziej niesklasyfikowana","Obejmuje produkcję kotew, sworzni, pierścieni, uszczelek metalowych. Produkcję wyrobów metalowych dla gospodarstwa domowego: wiader, konewek, misek. Produkcję tablic metalowych, znaków, liter."
26.11.Z,"Produkcja elementów elektronicznych","Obejmuje produkcję tranzystorów, diod, tyrystorów, rezystorów, kondensatorów, układów scalonych, mikroprocesorów, pamięci elektronicznych, czujników, sensorów, modułów elektronicznych."
26.12.Z,"Produkcja elektronicznych obwodów drukowanych","Obejmuje produkcję płytek drukowanych PCB, obwodów drukowanych jedno i wielowarstwowych. Montaż elementów na płytkach drukowanych SMD, THT."
26.20.Z,"Produkcja komputerów i urządzeń peryferyjnych","Obejmuje produkcję komputerów stacjonarnych, laptopów, notebooków, tabletów, serwerów, terminali. Produkcję drukarek, skanerów, monitorów, klawiatur, myszy, dysków twardych, pamięci USB."
26.30.Z,"Produkcja sprzętu telekomunikacyjnego","Obejmuje produkcję telefonów, smartfonów, central telefonicznych, routerów, modemów, switchów, stacji bazowych, nadajników, odbiorników radiowych, anten telekomunikacyjnych."
26.40.Z,"Produkcja elektronicznego sprzętu powszechnego użytku","Obejmuje produkcję telewizorów, odbiorników radiowych, głośników, wzmacniaczy, odtwarzaczy DVD, Blu-ray, tunerów, dekoderów, zestawów kina domowego, słuchawek."
26.51.Z,"Produkcja instrumentów i przyrządów pomiarowych, kontrolnych i nawigacyjnych","Obejmuje produkcję termometrów, barometrów, manometrów, wag elektronicznych, liczników, mierników, oscyloskopów, detektorów. Produkcję GPS, kompasów, radaru, sonaru."
26.52.Z,"Produkcja zegarków i zegarów","Obejmuje produkcję zegarków na rękę, zegarów ściennych, stołowych, budzików, stoperów, zegarów wieżowych. Produkcję mechanizmów zegarowych, bransolet do zegarków."
26.60.Z,"Produkcja urządzeń napromieniowujących, sprzętu elektromedycznego i elektroterapeutycznego","Obejmuje produkcję aparatów rentgenowskich, tomografów, rezonansu magnetycznego, aparatów USG, EKG, EEG. Produkcję urządzeń do radioterapii, laserów medycznych, defibrylatorów, stymulatorów."
26.70.Z,"Produkcja instrumentów optycznych i sprzętu fotograficznego","Obejmuje produkcję lornetek, teleskopów, mikroskopów, lup, soczewek, pryzmatów. Produkcję aparatów fotograficznych, kamer filmowych, projektorów, obiektywów."
27.11.Z,"Produkcja elektrycznych silników, prądnic, transformatorów","Obejmuje produkcję silników elektrycznych, prądnic, generatorów, transformatorów, prostowników, zasilaczy, przetwornic, stabilizatorów napięcia."
27.12.Z,"Produkcja aparatury rozdzielczej i sterowniczej energii elektrycznej","Obejmuje produkcję rozdzielnic, tablic rozdzielczych, wyłączników, przełączników, bezpieczników, gniazd, wtyczek, złączy elektrycznych, szaf sterowniczych."
27.20.Z,"Produkcja baterii i akumulatorów","Obejmuje produkcję baterii alkalicznych, litowych, cynkowych, guzikowych. Produkcję akumulatorów kwasowo-ołowiowych, litowo-jonowych, niklowo-kadmowych, ogniw paliwowych."
27.31.Z,"Produkcja kabli światłowodowych","Obejmuje produkcję kabli światłowodowych, włókien optycznych, przewodów światłowodowych do telekomunikacji i transmisji danych."
27.32.Z,"Produkcja pozostałych elektronicznych i elektrycznych przewodów i kabli","Obejmuje produkcję kabli elektrycznych, przewodów miedzianych, aluminiowych, izolowanych. Produkcję kabli zasilających, sterowniczych, sygnałowych, instalacyjnych, wiązek kablowych."
27.40.Z,"Produkcja elektrycznego sprzętu oświetleniowego","Obejmuje produkcję lamp, żarówek, świetlówek, lamp LED, opraw oświetleniowych, kinkietów, żyrandoli, plafoniérów, latarni, reflektorów, projektorów oświetleniowych."
27.51.Z,"Produkcja elektrycznego sprzętu gospodarstwa domowego","Obejmuje produkcję pralek, zmywarek, lodówek, zamrażarek, kuchenek elektrycznych, piekarników, mikrofalówek, suszarek, odkurzaczy, żelazek, tosterów, czajników elektrycznych, robotów kuchennych."
27.52.Z,"Produkcja nieelektrycznego sprzętu gospodarstwa domowego","Obejmuje produkcję kuchenek gazowych, pieców, grzejników na paliwa stałe, kominków, grilli, pieców opalanych drewnem. Produkcję naczyń kuchennych: garnków, patelni, czajników."
28.11.Z,"Produkcja silników i turbin, z wyłączeniem silników lotniczych, samochodowych i motocyklowych","Obejmuje produkcję silników spalinowych, turbinowych, parowych. Produkcję turbin wodnych, wiatrowych, gazowych, parowych. Produkcję agregatów prądotwórczych, generatorów."
28.30.Z,"Produkcja maszyn dla rolnictwa i leśnictwa","Obejmuje produkcję ciągników rolniczych, kombajnów zbożowych, siewników, sadzarek, pługów, bron, kultywatorów. Produkcję kosiarek, opryskiwaczy, rozrzutników, dojarek mechanicznych, inkubatorów."
29.10.Z,"Produkcja pojazdów samochodowych, z wyłączeniem motocykli","Obejmuje produkcję samochodów osobowych, dostawczych, ciężarowych, autobusów. Montaż pojazdów samochodowych, produkcję silników samochodowych, podwozi."
29.20.Z,"Produkcja nadwozi do pojazdów silnikowych; produkcja przyczep i naczep","Obejmuje produkcję karoserii, nadwozi samochodowych, kabin. Produkcję przyczep, naczep, lawet, kontenerów transportowych."
29.31.Z,"Produkcja wyposażenia elektrycznego i elektronicznego do pojazdów silnikowych","Obejmuje produkcję alternatorów, rozruszników, świec zapłonowych, wiązek przewodów, systemów oświetleniowych, sygnalizacyjnych pojazdów."
29.32.Z,"Produkcja pozostałych części i akcesoriów do pojazdów silnikowych, z wyłączeniem motocykli","Obejmuje produkcję hamulców, skrzyń biegów, kół, zderzaków, tłumików, sprzęgieł, kierownic, foteli samochodowych, pasów bezpieczeństwa, amortyzatorów."
30.11.Z,"Budowa statków i konstrukcji pływających","Obejmuje budowę statków handlowych, tankowców, kontenerowców, masowców, promów, okrętów wojennych. Budowę platform wiertniczych, doków pływających."
30.12.Z,"Budowa łodzi wycieczkowych i sportowych","Obejmuje budowę jachtów, żaglówek, motorówek, łodzi wiosłowych, kajaków, łodzi rybackich. Budowę łodzi rekreacyjnych, sportowych."
30.20.Z,"Produkcja lokomotyw kolejowych oraz taboru szynowego","Obejmuje produkcję lokomotyw elektrycznych, spalinowych, wagonów osobowych, towarowych, tramwajów, metra, szynobusów, drezyn."
30.30.Z,"Produkcja statków powietrznych, statków kosmicznych i podobnych maszyn","Obejmuje produkcję samolotów, śmigłowców, helikopterów, szybowców, dronów, balonów, sterowców. Produkcję satelitów, rakiet kosmicznych, silników lotniczych."
30.91.Z,"Produkcja motocykli","Obejmuje produkcję motocykli, skuterów, motorowerów, quadów, silników motocyklowych."
30.92.Z,"Produkcja rowerów i wózków inwalidzkich","Obejmuje produkcję rowerów, rowerów elektrycznych, trójkołowych, wózków inwalidzkich, wózków elektrycznych dla niepełnosprawnych."
31.01.Z,"Produkcja mebli biurowych i sklepowych","Obejmuje produkcję biurek, krzeseł biurowych, szaf biurowych, regałów, stolików konferencyjnych, lad sklepowych, witryn wystawowych, gablot."
31.02.Z,"Produkcja mebli kuchennych","Obejmuje produkcję mebli kuchennych na wymiar i seryjnych: szafek kuchennych, blatów, zabudów kuchennych."
31.03.Z,"Produkcja materacy","Obejmuje produkcję materacy sprężynowych, piankowych, lateksowych, wodnych. Produkcję stelaży do łóżek, poduszek, kołder."
31.09.Z,"Produkcja pozostałych mebli","Obejmuje produkcję mebli mieszkaniowych: stołów, krzeseł, szaf, komód, łóżek, sof, foteli, kanap, tapczanów, regałów, półek, ław. Produkcję mebli ogrodowych, łazienkowych, dziecięcych. Tapicerowanie mebli."
32.12.Z,"Produkcja wyrobów jubilerskich i podobnych","Obejmuje produkcję biżuterii ze złota, srebra, platyny, diamentów, kamieni szlachetnych. Produkcję pierścionków, naszyjników, kolczyków, bransoletek, broszek. Produkcję wyrobów ze złota i srebra: sztućców, naczyń."
32.13.Z,"Produkcja sztucznej biżuterii i wyrobów podobnych","Obejmuje produkcję biżuterii sztucznej, sztucznych pereł, kamieni syntetycznych, biżuterii ze stali, z metali nieszlachetnych, koralików."
32.20.Z,"Produkcja instrumentów muzycznych","Obejmuje produkcję pianin, fortepianów, organów, skrzypiec, gitar, bębnów, fletów, trąbek, harmonijek, akordeonów, instrumentów elektronicznych, syntezatorów."
32.30.Z,"Produkcja artykułów sportowych","Obejmuje produkcję sprzętu sportowego: piłek, rakiet, kijów, nart, snowboardów, desek surfingowych, sprzętu fitness, siłowni. Produkcję rękawic bokserskich, ochraniaczy, wędek, przynęt."
32.40.Z,"Produkcja gier i zabawek","Obejmuje produkcję zabawek, lalek, figurek, pluszaków, puzzli, gier planszowych, kart do gry, gier komputerowych na nośnikach. Produkcję zabawek elektronicznych, modeli do składania."
32.50.Z,"Produkcja urządzeń, instrumentów oraz wyrobów medycznych, włączając dentystyczne","Obejmuje produkcję narzędzi chirurgicznych, strzykawek, igieł, cewników, protez, implantów, aparatów słuchowych, soczewek kontaktowych, okularów, wózków inwalidzkich, łóżek szpitalnych, sterylizatorów, foteli dentystycznych."
33.11.Z,"Naprawa i konserwacja metalowych wyrobów gotowych","Obejmuje naprawę zbiorników, cystern, kontenerów metalowych. Naprawę konstrukcji metalowych, ogrodzeń, bram. Spawanie naprawcze."
33.12.Z,"Naprawa i konserwacja maszyn","Obejmuje naprawę maszyn przemysłowych, rolniczych, budowlanych, obrabiarek, sprężarek, pomp, zaworów. Konserwację i przeglądy maszyn."
33.13.Z,"Naprawa i konserwacja urządzeń elektronicznych i optycznych","Obejmuje naprawę sprzętu pomiarowego, kontrolnego, nawigacyjnego, laboratoryjnego. Naprawę sprzętu optycznego, kamer, aparatów."
33.14.Z,"Naprawa i konserwacja urządzeń elektrycznych","Obejmuje naprawę silników elektrycznych, transformatorów, generatorów, rozdzielnic, aparatury sterowniczej. Naprawa urządzeń elektrycznych przemysłowych."
33.15.Z,"Naprawa i konserwacja statków i łodzi","Obejmuje naprawę i remonty statków, łodzi, jachtów, kutrów. Prace stoczniowe remontowe, konserwację kadłubów."
33.16.Z,"Naprawa i konserwacja statków powietrznych i statków kosmicznych","Obejmuje naprawę samolotów, śmigłowców, silników lotniczych, awioniki, podwozi. Przeglądy techniczne statków powietrznych."
33.17.Z,"Naprawa i konserwacja pozostałego sprzętu transportowego","Obejmuje naprawę lokomotyw, wagonów, tramwajów, taboru szynowego, motocykli, rowerów, wózków inwalidzkich."
33.20.Z,"Instalowanie maszyn przemysłowych, sprzętu i wyposażenia","Obejmuje instalowanie, montaż maszyn i urządzeń przemysłowych. Uruchamianie linii produkcyjnych, montaż robotów przemysłowych, systemów automatyki."
35.11.Z,"Wytwarzanie energii elektrycznej","Obejmuje wytwarzanie energii elektrycznej w elektrowniach cieplnych, wodnych, wiatrowych, słonecznych, jądrowych, biogazowych, geotermalnych. Produkcja prądu, elektrownie fotowoltaiczne."
35.12.Z,"Przesyłanie energii elektrycznej","Obejmuje przesyłanie energii elektrycznej od wytwórców do dystrybutorów. Eksploatacja sieci przesyłowych wysokiego napięcia, stacji transformatorowych."
35.13.Z,"Dystrybucja energii elektrycznej","Obejmuje dystrybucję energii elektrycznej do odbiorców końcowych. Eksploatacja sieci dystrybucyjnych średniego i niskiego napięcia, stacji transformatorowych, liczników."
35.14.Z,"Handel energią elektryczną","Obejmuje kupno i sprzedaż energii elektrycznej, obrót energią na giełdach energetycznych, pośrednictwo w handlu energią."
35.21.Z,"Wytwarzanie paliw gazowych","Obejmuje wytwarzanie gazu ziemnego, biogazu, gazu koksowniczego, gazu syntezowego, gazu ze zgazowania biomasy."
35.22.Z,"Dystrybucja paliw gazowych w systemie sieciowym","Obejmuje dystrybucję gazu ziemnego siecią gazociągów do odbiorców. Eksploatacja sieci gazowej, stacji redukcyjnych, gazomierzy."
35.23.Z,"Handel paliwami gazowymi w systemie sieciowym","Obejmuje kupno i sprzedaż gazu ziemnego, obrót gazem, pośrednictwo w handlu gazem."
35.30.Z,"Wytwarzanie i zaopatrywanie w parę wodną, gorącą wodę i powietrze do układów klimatyzacyjnych","Obejmuje wytwarzanie ciepła, pary wodnej, gorącej wody w ciepłowniach, elektrociepłowniach. Eksploatacja sieci ciepłowniczych, wymiennikowni."
36.00.Z,"Pobór, uzdatnianie i dostarczanie wody","Obejmuje pobór wody z ujęć powierzchniowych i podziemnych. Uzdatnianie wody: filtrowanie, chlorowanie, odżelazianie. Dostarczanie wody wodociągiem do odbiorców. Eksploatacja wodociągów, stacji uzdatniania."
37.00.Z,"Odprowadzanie i oczyszczanie ścieków","Obejmuje odprowadzanie ścieków kanalizacją. Oczyszczanie ścieków w oczyszczalniach: mechaniczne, biologiczne, chemiczne. Eksploatacja sieci kanalizacyjnej, przepompowni ścieków, szamb."
38.11.Z,"Zbieranie odpadów innych niż niebezpieczne","Obejmuje zbieranie odpadów komunalnych, śmieci, odpadów segregowanych: plastiku, papieru, szkła, metali. Wywóz śmieci, opróżnianie pojemników, kontenerów na odpady."
38.12.Z,"Zbieranie odpadów niebezpiecznych","Obejmuje zbieranie odpadów niebezpiecznych: zużytych olejów, baterii, akumulatorów, chemikaliów, leków, azbestu, odpadów medycznych, świetlówek."
38.21.Z,"Obróbka i usuwanie odpadów innych niż niebezpieczne","Obejmuje składowanie odpadów na wysypiskach, kompostowanie, fermentację odpadów organicznych. Spalanie odpadów w spalarniach, przetwarzanie odpadów."
38.22.Z,"Przetwarzanie i unieszkodliwianie odpadów niebezpiecznych","Obejmuje utylizację odpadów niebezpiecznych, spalanie odpadów niebezpiecznych, neutralizację chemiczną, składowanie na składowiskach odpadów niebezpiecznych."
38.31.Z,"Demontaż wyrobów zużytych","Obejmuje demontaż zużytych urządzeń: samochodów, sprzętu elektronicznego, AGD, maszyn w celu odzysku materiałów. Strzępienie pojazdów, demontaż wraków."
38.32.Z,"Odzysk surowców z materiałów segregowanych","Obejmuje recykling metali, plastiku, szkła, papieru, gumy, tekstyliów. Sortowanie odpadów, przetwarzanie surowców wtórnych, odzysk materiałów."
39.00.Z,"Działalność związana z rekultywacją i pozostała działalność usługowa związana z gospodarką odpadami","Obejmuje rekultywację terenów skażonych, dekontaminację gleby, oczyszczanie wód gruntowych, usuwanie azbestu, odkażanie budynków, terenów przemysłowych."
41.10.Z,"Realizacja projektów budowlanych związanych ze wznoszeniem budynków","Obejmuje działalność deweloperską: budowę i sprzedaż budynków mieszkalnych, biurowych, handlowych. Realizację projektów budowlanych na własny rachunek."
41.20.Z,"Roboty budowlane związane ze wznoszeniem budynków mieszkalnych i niemieszkalnych","Obejmuje budowę domów jednorodzinnych, wielorodzinnych, bloków mieszkalnych, biurowców, hal, magazynów, fabryk, szkół, szpitali, kościołów. Rozbudowę, nadbudowę, przebudowę budynków."
42.11.Z,"Roboty związane z budową dróg kołowych i szynowych","Obejmuje budowę autostrad, dróg, ulic, ścieżek rowerowych, chodników, pasów startowych, parkingów. Budowę torowisk, linii kolejowych, tramwajowych."
42.12.Z,"Roboty związane z budową dróg szynowych i kolei podziemnej","Obejmuje budowę kolei podziemnej, metra, kolei nadziemnej, wiaduktów kolejowych. Budowę infrastruktury kolejowej."
42.13.Z,"Roboty związane z budową mostów i tuneli","Obejmuje budowę mostów, wiaduktów, estakad, kładek, tuneli drogowych i kolejowych, przejść podziemnych."
42.21.Z,"Roboty związane z budową rurociągów i sieci rozdzielczych","Obejmuje budowę wodociągów, kanalizacji, gazociągów, ropociągów, ciepłociągów, sieci przesyłowych. Budowę przepompowni, ujęć wody."
42.22.Z,"Roboty związane z budową linii telekomunikacyjnych i elektroenergetycznych","Obejmuje budowę linii elektroenergetycznych, słupów energetycznych, stacji transformatorowych. Budowę linii telekomunikacyjnych, masztów, sieci światłowodowych."
42.91.Z,"Roboty związane z budową obiektów inżynierii wodnej","Obejmuje budowę tam, jazów, śluz, wałów przeciwpowodziowych, kanałów, portów, przystani, falochronów, nabrzeży."
42.99.Z,"Roboty związane z budową pozostałych obiektów inżynierii lądowej i wodnej, gdzie indziej niesklasyfikowane","Obejmuje budowę obiektów przemysłowych, rafineryjnych, sportowych (stadionów), budowę infrastruktury, roboty inżynieryjne."
43.11.Z,"Rozbiórka i burzenie obiektów budowlanych","Obejmuje wyburzanie budynków, rozbiórkę obiektów budowlanych, usuwanie gruzów, prace rozbiórkowe, demontaż konstrukcji."
43.12.Z,"Przygotowanie terenu pod budowę","Obejmuje niwelację terenu, karczowanie, odwadnianie, osuszanie gruntów, makroniwelację. Przygotowywanie placu budowy."
43.13.Z,"Wykonywanie wykopów i wierceń geologiczno-inżynierskich","Obejmuje wykonywanie wykopów, odwiertów, sondowań gruntu, badań geotechnicznych. Wiercenie studni, wierceń pod pale fundamentowe."
43.21.Z,"Wykonywanie instalacji elektrycznych","Obejmuje montaż instalacji elektrycznych w budynkach: okablowania, gniazdek, wyłączników, rozdzielnic. Instalowanie systemów alarmowych, domofonów, monitoringu. Instalacje fotowoltaiczne, odgromowe."
43.22.Z,"Wykonywanie instalacji wodno-kanalizacyjnych, cieplnych, gazowych i klimatyzacyjnych","Obejmuje montaż instalacji wodnych, kanalizacyjnych, gazowych, centralnego ogrzewania, wentylacyjnych, klimatyzacyjnych. Instalowanie kotłów, grzejników, pomp ciepła."
43.29.Z,"Wykonywanie pozostałych instalacji budowlanych","Obejmuje montaż wind, ruchomych schodów, drzwi automatycznych, systemów przeciwpożarowych, instalacji izolacyjnych, cieplnych, akustycznych, wibracyjnych."
43.31.Z,"Tynkowanie","Obejmuje nakładanie tynków wewnętrznych i zewnętrznych: gipsowych, cementowych, cementowo-wapiennych, akrylowych. Tynki maszynowe, sztukaterie."
43.32.Z,"Zakładanie stolarki budowlanej","Obejmuje montaż okien, drzwi, bram garażowych, parapetów, balustrad. Montaż zabudów z płyt kartonowo-gipsowych, sufitów podwieszanych."
43.33.Z,"Posadzkarstwo; tapetowanie i oblicowywanie ścian","Obejmuje układanie posadzek, glazury, terakoty, gresu, parkietów, paneli podłogowych, wykładzin. Tapetowanie ścian, oblicowywanie ścian płytkami."
43.34.Z,"Malowanie i szklenie","Obejmuje malowanie ścian, sufitów, elewacji. Szklenie okien, drzwi, montaż witraży. Malowanie konstrukcji metalowych, antykorozyjne."
43.39.Z,"Wykonywanie pozostałych robót budowlanych wykończeniowych","Obejmuje montaż balkonów, wykończeniowe prace budowlane, czyszczenie elewacji, hydro i termoizolacje, osuszanie budynków."
43.91.Z,"Wykonywanie konstrukcji i pokryć dachowych","Obejmuje budowę dachów, montaż więźb dachowych, pokrywanie dachów dachówką, blachą, papą, gontem. Montaż rynien, obróbek blacharskich, kominów. Izolacja dachów."
43.99.Z,"Pozostałe specjalistyczne roboty budowlane, gdzie indziej niesklasyfikowane","Obejmuje fundamentowanie, palowanie, betonowanie, zbrojenie, murowanie, montaż rusztowań, prace ziemne specjalistyczne."
45.11.Z,"Sprzedaż hurtowa i detaliczna samochodów osobowych i furgonetek","Obejmuje sprzedaż nowych i używanych samochodów osobowych, kombi, furgonetek. Salony samochodowe, komisy samochodowe, dealerzy."
45.19.Z,"Sprzedaż hurtowa i detaliczna pozostałych pojazdów samochodowych","Obejmuje sprzedaż samochodów ciężarowych, autobusów, przyczep, naczep, pojazdów specjalnych: karetek, wozów strażackich."
45.20.Z,"Konserwacja i naprawa pojazdów samochodowych, z wyłączeniem motocykli","Obejmuje naprawę mechaniczną samochodów, serwis olejowy, wymianę opon, naprawę hamulców, zawieszenia, sprzęgła. Blacharstwo, lakiernictwo, elektromechanikę samochodową. Warsztaty samochodowe, stacje kontroli pojazdów, przeglądy techniczne."
45.31.Z,"Sprzedaż hurtowa części i akcesoriów do pojazdów samochodowych, z wyłączeniem motocykli","Obejmuje hurtową sprzedaż części zamiennych, filtrów, klocków hamulcowych, świec zapłonowych, akumulatorów, olejów silnikowych. Hurtownie motoryzacyjne."
45.32.Z,"Sprzedaż detaliczna części i akcesoriów do pojazdów samochodowych, z wyłączeniem motocykli","Obejmuje detaliczną sprzedaż części zamiennych, akcesoriów samochodowych, opon, felg, olejów. Sklepy motoryzacyjne."
45.40.Z,"Sprzedaż hurtowa i detaliczna motocykli, ich naprawa i konserwacja oraz sprzedaż hurtowa i detaliczna części i akcesoriów do nich","Obejmuje sprzedaż motocykli, skuterów, quadów, części do motocykli. Naprawa i serwis motocykli."
46.11.Z,"Działalność agentów zajmujących się sprzedażą płodów rolnych, żywych zwierząt, surowców dla przemysłu tekstylnego i półproduktów","Obejmuje pośrednictwo w sprzedaży zboża, bydła, bawełny, wełny, skór, kauczuku. Działalność maklerów towarowych, agentów handlowych."
46.17.Z,"Działalność agentów zajmujących się sprzedażą żywności, napojów i wyrobów tytoniowych","Obejmuje pośrednictwo w sprzedaży artykułów spożywczych, napojów, wyrobów tytoniowych. Przedstawiciele handlowi branży spożywczej."
46.18.Z,"Działalność agentów specjalizujących się w sprzedaży pozostałych określonych towarów","Obejmuje pośrednictwo w sprzedaży wyrobów farmaceutycznych, kosmetycznych, medycznych, chemicznych, optycznych, zegarków, biżuterii."
46.19.Z,"Działalność agentów zajmujących się sprzedażą towarów różnego rodzaju","Obejmuje pośrednictwo w sprzedaży różnych towarów bez specjalizacji. Agenci handlowi wielobranżowi."
46.31.Z,"Sprzedaż hurtowa owoców i warzyw","Obejmuje hurtową sprzedaż owoców świeżych i mrożonych, warzyw, ziemniaków, jabłek, bananów, pomidorów, sałaty. Hurtownie warzywnicze."
46.32.Z,"Sprzedaż hurtowa mięsa i wyrobów z mięsa","Obejmuje hurtową sprzedaż mięsa wołowego, wieprzowego, drobiowego, wędlin, kiełbas. Hurtownie mięsne."
46.33.Z,"Sprzedaż hurtowa mleka, wyrobów mleczarskich, jaj, olejów i tłuszczów jadalnych","Obejmuje hurtową sprzedaż mleka, serów, jogurtów, masła, śmietany, jaj, olejów roślinnych, margaryny."
46.34.Z,"Sprzedaż hurtowa napojów alkoholowych i bezalkoholowych","Obejmuje hurtową sprzedaż piwa, wina, wódki, whisky, soków, wód mineralnych, napojów gazowanych. Hurtownie alkoholowe."
46.36.Z,"Sprzedaż hurtowa cukru, czekolady, wyrobów cukierniczych i pieczywa","Obejmuje hurtową sprzedaż cukru, czekolady, cukierków, batonów, chipsów, pieczywa, ciast."
46.38.Z,"Sprzedaż hurtowa pozostałej żywności, włączając ryby, skorupiaki i mięczaki","Obejmuje hurtową sprzedaż ryb, owoców morza, konserw, mąki, kaszy, makaronu, przypraw, herbaty, kawy. Hurtownie spożywcze."
46.41.Z,"Sprzedaż hurtowa wyrobów tekstylnych","Obejmuje hurtową sprzedaż tkanin, dzianin, nici, włóczek, pościeli, ręczników, firan, zasłon, materiałów tekstylnych."
46.42.Z,"Sprzedaż hurtowa odzieży i obuwia","Obejmuje hurtową sprzedaż odzieży damskiej, męskiej, dziecięcej, obuwia, galanterii skórzanej, torebek. Hurtownie odzieżowe."
46.43.Z,"Sprzedaż hurtowa elektrycznych artykułów użytku domowego","Obejmuje hurtową sprzedaż AGD: pralek, lodówek, zmywarek, kuchenek, mikrofalówek, odkurzaczy, telewizorów, radioodbiorników."
46.45.Z,"Sprzedaż hurtowa perfum i kosmetyków","Obejmuje hurtową sprzedaż perfum, kosmetyków, kremów, szamponów, mydła, środków higieny osobistej."
46.46.Z,"Sprzedaż hurtowa wyrobów farmaceutycznych i medycznych","Obejmuje hurtową sprzedaż leków, preparatów witaminowych, suplementów diety, sprzętu medycznego, materiałów opatrunkowych. Hurtownie farmaceutyczne."
46.47.Z,"Sprzedaż hurtowa mebli, dywanów i sprzętu oświetleniowego","Obejmuje hurtową sprzedaż mebli, dywanów, wykładzin, lamp, żyrandoli, oświetlenia."
46.49.Z,"Sprzedaż hurtowa pozostałych artykułów użytku domowego","Obejmuje hurtową sprzedaż naczyń kuchennych, sztućców, wyrobów papierniczych, książek, zabawek, artykułów sportowych, muzycznych."
46.51.Z,"Sprzedaż hurtowa komputerów, urządzeń peryferyjnych i oprogramowania","Obejmuje hurtową sprzedaż komputerów, laptopów, drukarek, skanerów, monitorów, oprogramowania, licencji. Dystrybucja IT."
46.52.Z,"Sprzedaż hurtowa sprzętu elektronicznego i telekomunikacyjnego oraz części do niego","Obejmuje hurtową sprzedaż telefonów, centralek, routerów, kabli, elementów elektronicznych, podzespołów."
46.71.Z,"Sprzedaż hurtowa paliw i produktów pochodnych","Obejmuje hurtową sprzedaż benzyny, oleju napędowego, gazu LPG, olejów opałowych, smarów, węgla, koksu."
46.72.Z,"Sprzedaż hurtowa metali i rud metali","Obejmuje hurtową sprzedaż stali, aluminium, miedzi, blach, prętów, rur metalowych, złomu metali."
46.73.Z,"Sprzedaż hurtowa drewna, materiałów budowlanych i wyposażenia sanitarnego","Obejmuje hurtową sprzedaż drewna, desek, płyt, cementu, cegieł, piasku, żwiru, farb. Sprzedaż armatury łazienkowej, umywalek, wanien, kabin prysznicowych. Składy budowlane."
46.75.Z,"Sprzedaż hurtowa wyrobów chemicznych","Obejmuje hurtową sprzedaż chemikaliów, nawozów sztucznych, środków ochrony roślin, rozpuszczalników, klejów, żywic."
46.77.Z,"Sprzedaż hurtowa odpadów i złomu","Obejmuje hurtową sprzedaż złomu stalowego, miedzi, aluminium, makulatury, tworzyw sztucznych do recyklingu."
46.90.Z,"Sprzedaż hurtowa niewyspecjalizowana","Obejmuje sprzedaż hurtową różnych towarów bez specjalizacji, hurtownie wielobranżowe."
47.11.Z,"Sprzedaż detaliczna prowadzona w niewyspecjalizowanych sklepach z przewagą żywności, napojów i wyrobów tytoniowych","Obejmuje sklepy spożywcze, supermarkety, hipermarkety, sklepy wielobranżowe z przewagą żywności. Sklepy ogólnospożywcze, osiedlowe."
47.19.Z,"Pozostała sprzedaż detaliczna prowadzona w niewyspecjalizowanych sklepach","Obejmuje domy towarowe, sklepy wielobranżowe bez przewagi żywności, sklepy typu bazar."
47.21.Z,"Sprzedaż detaliczna owoców i warzyw prowadzona w wyspecjalizowanych sklepach","Obejmuje sklepy warzywne, owocowe, warzywniak, stoiska z owocami i warzywami."
47.22.Z,"Sprzedaż detaliczna mięsa i wyrobów z mięsa prowadzona w wyspecjalizowanych sklepach","Obejmuje sklepy mięsne, masarnie, wędliniarnie, sprzedaż mięsa i wędlin."
47.24.Z,"Sprzedaż detaliczna pieczywa, ciast, wyrobów ciastkarskich i cukierniczych prowadzona w wyspecjalizowanych sklepach","Obejmuje piekarnie z własną sprzedażą, cukiernie, sklepy z pieczywem i ciasta."
47.25.Z,"Sprzedaż detaliczna napojów alkoholowych i bezalkoholowych prowadzona w wyspecjalizowanych sklepach","Obejmuje sklepy monopolowe, sklepy z alkoholem, winiarnie, sklepy z winami."
47.30.Z,"Sprzedaż detaliczna paliw do pojazdów silnikowych na stacjach paliw","Obejmuje stacje paliw, stacje benzynowe, tankowanie pojazdów, sprzedaż benzyny, oleju napędowego, LPG."
47.41.Z,"Sprzedaż detaliczna komputerów, urządzeń peryferyjnych i oprogramowania prowadzona w wyspecjalizowanych sklepach","Obejmuje sklepy komputerowe, sprzedaż laptopów, tabletów, drukarek, oprogramowania, gier."
47.42.Z,"Sprzedaż detaliczna sprzętu telekomunikacyjnego prowadzona w wyspecjalizowanych sklepach","Obejmuje sklepy z telefonami, smartfonami, akcesoriami do telefonów, salony operatorów komórkowych."
47.43.Z,"Sprzedaż detaliczna sprzętu audiowizualnego prowadzona w wyspecjalizowanych sklepach","Obejmuje sklepy z telewizorami, głośnikami, kamerami, aparatami fotograficznymi, sprzętem Hi-Fi."
47.51.Z,"Sprzedaż detaliczna wyrobów tekstylnych prowadzona w wyspecjalizowanych sklepach","Obejmuje sklepy z tkaninami, materiałami, pościelą, ręcznikami, firany, zasłony, pasmanteria."
47.52.Z,"Sprzedaż detaliczna drobnych wyrobów metalowych, farb i szkła prowadzona w wyspecjalizowanych sklepach","Obejmuje sklepy z narzędziami, śrubami, gwoździami, farbami, lakierami, szkłem. Sklepy żelazne."
47.54.Z,"Sprzedaż detaliczna elektrycznego sprzętu gospodarstwa domowego prowadzona w wyspecjalizowanych sklepach","Obejmuje sklepy z AGD: pralkami, lodówkami, zmywarkami, kuchenkami, odkurzaczami. Sklepy RTV AGD."
47.59.Z,"Sprzedaż detaliczna mebli, sprzętu oświetleniowego i pozostałych artykułów użytku domowego prowadzona w wyspecjalizowanych sklepach","Obejmuje sklepy meblowe, salony meblowe, sklepy z oświetleniem, lampami, dekoracjami."
47.61.Z,"Sprzedaż detaliczna książek prowadzona w wyspecjalizowanych sklepach","Obejmuje księgarnie, sprzedaż książek, podręczników, albumów, map."
47.62.Z,"Sprzedaż detaliczna gazet i artykułów piśmiennych prowadzona w wyspecjalizowanych sklepach","Obejmuje kioski, salony prasowe, sklepy papiernicze, sprzedaż gazet, czasopism, artykułów biurowych."
47.64.Z,"Sprzedaż detaliczna sprzętu sportowego prowadzona w wyspecjalizowanych sklepach","Obejmuje sklepy sportowe, sprzedaż rowerów, nart, desek, odzieży sportowej, obuwia sportowego, sprzętu fitness."
47.65.Z,"Sprzedaż detaliczna gier i zabawek prowadzona w wyspecjalizowanych sklepach","Obejmuje sklepy z zabawkami, grami planszowymi, modelami, puzzlami, zabawkami edukacyjnymi."
47.71.Z,"Sprzedaż detaliczna odzieży prowadzona w wyspecjalizowanych sklepach","Obejmuje sklepy odzieżowe, butiki, sprzedaż odzieży damskiej, męskiej, dziecięcej, galerie mody."
47.72.Z,"Sprzedaż detaliczna obuwia i wyrobów skórzanych prowadzona w wyspecjalizowanych sklepach","Obejmuje sklepy obuwnicze, sprzedaż butów, torebek, pasków, portfeli ze skóry."
47.73.Z,"Sprzedaż detaliczna wyrobów farmaceutycznych prowadzona w wyspecjalizowanych sklepach","Obejmuje apteki, sprzedaż leków, suplementów diety, materiałów opatrunkowych. Punkt apteczny."
47.74.Z,"Sprzedaż detaliczna wyrobów medycznych, włączając ortopedyczne, prowadzona w wyspecjalizowanych sklepach","Obejmuje sklepy medyczne, ortopedyczne, sprzedaż protez, wózków inwalidzkich, aparatów słuchowych."
47.75.Z,"Sprzedaż detaliczna kosmetyków i artykułów toaletowych prowadzona w wyspecjalizowanych sklepach","Obejmuje drogerie, perfumerie, sprzedaż kosmetyków, perfum, kremów, szamponów, mydła."
47.76.Z,"Sprzedaż detaliczna kwiatów, roślin, nasion, nawozów, żywych zwierząt domowych, karmy dla zwierząt domowych prowadzona w wyspecjalizowanych sklepach","Obejmuje kwiaciarnie, sklepy ogrodnicze, centra ogrodnicze, sklepy zoologiczne, sprzedaż roślin, nasion, nawozów, karmy dla zwierząt."
47.77.Z,"Sprzedaż detaliczna zegarków, zegarów i biżuterii prowadzona w wyspecjalizowanych sklepach","Obejmuje jubilerzy, sklepy jubilerskie, zegarmistrze, sprzedaż biżuterii, zegarków, pierścionków, naszyjników."
47.78.Z,"Sprzedaż detaliczna pozostałych nowych wyrobów prowadzona w wyspecjalizowanych sklepach","Obejmuje sklepy fotograficzne, optyczne, z pamiątkami, galerie sztuki, sklepy z bronią, sklepy numizmatyczne, filatelistyczne."
47.79.Z,"Sprzedaż detaliczna artykułów używanych prowadzona w wyspecjalizowanych sklepach","Obejmuje antykwariaty, sklepy z odzieżą używaną, second-hand, komisy, sklepy z antykami."
47.81.Z,"Sprzedaż detaliczna żywności, napojów i wyrobów tytoniowych prowadzona na straganach i targowiskach","Obejmuje sprzedaż żywności na targowiskach, bazarach, halach targowych, straganach."
47.91.Z,"Sprzedaż detaliczna prowadzona przez domy sprzedaży wysyłkowej lub Internet","Obejmuje sprzedaż internetową, e-commerce, sklepy internetowe, sprzedaż wysyłkową, sprzedaż przez katalogi, aukcje internetowe."
47.99.Z,"Pozostała sprzedaż detaliczna prowadzona poza siecią sklepową, straganami i targowiskami","Obejmuje sprzedaż obwoźną, akwizycję, sprzedaż z automatów vendingowych, sprzedaż domokrążną."
49.10.Z,"Transport kolejowy pasażerski międzymiastowy","Obejmuje przewozy pasażerskie koleją dalekobieżną, pociągami intercity, ekspresowymi, międzymiastowymi."
49.20.Z,"Transport kolejowy towarów","Obejmuje przewóz towarów koleją, transport kontenerowy kolejowy, przewóz ładunków masowych, cystern koleją."
49.31.Z,"Transport lądowy pasażerski, miejski i podmiejski","Obejmuje komunikację miejską: autobusy, tramwaje, metro, trolejbusy. Transport pasażerski podmiejski."
49.32.Z,"Działalność taksówek osobowych","Obejmuje przewóz osób taksówkami, usługi taxi, przewozy osobowe na żądanie, Uber, Bolt."
49.39.Z,"Pozostały transport lądowy pasażerski, gdzie indziej niesklasyfikowany","Obejmuje wynajem autobusów z kierowcą, przewozy turystyczne, szkolne, pracownicze, transfer lotniskowy."
49.41.Z,"Transport drogowy towarów","Obejmuje przewóz towarów ciężarówkami, tirami, transportem drogowym. Spedycję drogową, transport chłodniczy, transport materiałów niebezpiecznych."
49.42.Z,"Działalność usługowa związana z przeprowadzkami","Obejmuje usługi przeprowadzkowe, transport mebli, pakowanie i przewóz rzeczy osobistych, przeprowadzki firm."
50.10.Z,"Transport morski i przybrzeżny pasażerski","Obejmuje przewóz pasażerów statkami, promami morskimi, rejsy wycieczkowe, cruisingiem."
50.20.Z,"Transport morski i przybrzeżny towarów","Obejmuje przewóz towarów statkami, transport kontenerowy morski, żeglugę towarową, fracht morski."
51.10.Z,"Transport lotniczy pasażerski","Obejmuje przewozy lotnicze pasażerów, linie lotnicze regularne i czarterowe, loty krajowe i międzynarodowe."
51.21.Z,"Transport lotniczy towarów","Obejmuje transport cargo lotniczy, przewóz towarów samolotami, fracht lotniczy."
52.10.Z,"Magazynowanie i przechowywanie towarów","Obejmuje magazynowanie towarów, prowadzenie magazynów, centrów logistycznych, chłodni składowych, silosów, elewatorów, składów celnych."
52.21.Z,"Działalność usługowa wspomagająca transport lądowy","Obejmuje zarządzanie drogami, parkingami, dworcami, stacjami kolejowymi. Holowanie pojazdów, pomoc drogowa."
52.24.Z,"Przeładunek towarów","Obejmuje załadunek i rozładunek towarów, kontenerów. Działalność przeładunkowa w portach, terminalach."
52.29.Z,"Pozostała działalność usługowa wspomagająca transport","Obejmuje spedycję, agencje celne, agencje żeglugowe, organizację transportu, logistykę, pośrednictwo transportowe."
53.10.Z,"Działalność pocztowa objęta obowiązkiem świadczenia usług powszechnych (operatora publicznego)","Obejmuje usługi Poczty Polskiej, wysyłanie listów, paczek, przekazów pocztowych, działalność urzędów pocztowych."
53.20.Z,"Pozostała działalność pocztowa i kurierska","Obejmuje usługi kurierskie, firmy kurierskie, dostarczanie przesyłek, paczek, listów. Skrzynki pocztowe prywatne."
55.10.Z,"Hotele i podobne obiekty zakwaterowania","Obejmuje prowadzenie hoteli, moteli, pensjonatów, aparthoteli. Usługi noclegowe z restauracją lub bez."
55.20.Z,"Obiekty noclegowe turystyczne i miejsca krótkotrwałego zakwaterowania","Obejmuje prowadzenie hosteli, schronisk, domów wycieczkowych, kwater prywatnych, apartamentów na wynajem krótkoterminowy, Airbnb."
55.30.Z,"Pola kempingowe (włączając pola dla pojazdów kempingowych) i pola namiotowe","Obejmuje prowadzenie kempingów, pól namiotowych, pól caravaningowych, glampingów."
55.90.Z,"Pozostałe zakwaterowanie","Obejmuje prowadzenie domów studenckich, internatów, burs, akademików, noclegowni, schronisk dla bezdomnych."
56.10.A,"Restauracje i inne stałe placówki gastronomiczne","Obejmuje prowadzenie restauracji, barów, bistro, pizzerii, kawiarni z obsługą kelnerską. Gastronomia stacjonarna."
56.10.B,"Ruchome placówki gastronomiczne","Obejmuje food trucki, kioski gastronomiczne, wózki z jedzeniem, ruchome punkty gastronomiczne."
56.21.Z,"Przygotowywanie i dostarczanie żywności dla odbiorców zewnętrznych (katering)","Obejmuje catering, obsługę gastronomiczną imprez, wesel, konferencji, bankietów. Dostarczanie posiłków do biur, domów."
56.29.Z,"Pozostała usługowa działalność gastronomiczna","Obejmuje stołówki, bufety, bary mleczne, kantyny, żywienie zbiorowe w szkołach, szpitalach, zakładach pracy."
56.30.Z,"Przygotowywanie i podawanie napojów","Obejmuje prowadzenie barów, pubów, kawiarni, herbaciarni, klubów nocnych, dyskotek, winiarni, piwiarni, koktajlbarów."
58.11.Z,"Wydawanie książek","Obejmuje wydawanie książek drukowanych i elektronicznych, ebooków, audiobooków. Działalność wydawnictw książkowych."
58.13.Z,"Wydawanie gazet","Obejmuje wydawanie gazet codziennych, tygodników, prasy lokalnej, gazet internetowych."
58.14.Z,"Wydawanie czasopism i pozostałych periodyków","Obejmuje wydawanie magazynów, miesięczników, kwartalników, periodyków branżowych, naukowych, ilustrowanych."
58.19.Z,"Pozostała działalność wydawnicza","Obejmuje wydawanie katalogów, plakatów, kartek pocztowych, kalendarzy, druków reklamowych, materiałów edukacyjnych."
58.21.Z,"Działalność wydawnicza w zakresie gier komputerowych","Obejmuje wydawanie gier komputerowych, konsolowych, mobilnych, gier wideo, publikację gier online."
58.29.Z,"Działalność wydawnicza w zakresie pozostałego oprogramowania","Obejmuje wydawanie oprogramowania systemowego, użytkowego, aplikacji, programów komputerowych. Dystrybucja oprogramowania."
59.11.Z,"Działalność związana z produkcją filmów, nagrań wideo i programów telewizyjnych","Obejmuje produkcję filmów fabularnych, dokumentalnych, krótkometrażowych, reklamowych, muzycznych, teledysków. Produkcję programów telewizyjnych, seriali, reality show."
59.12.Z,"Działalność postprodukcyjna związana z filmami, nagraniami wideo i programami telewizyjnymi","Obejmuje montaż filmowy, efekty specjalne, animację, udźwiękowienie, dubbing, napisy, korekcję kolorów, mastering wideo."
59.13.Z,"Działalność związana z dystrybucją filmów, nagrań wideo i programów telewizyjnych","Obejmuje dystrybucję filmów do kin, telewizji, platform streamingowych. Sprzedaż praw do filmów, licencjonowanie treści wideo."
59.14.Z,"Działalność związana z projekcją filmów","Obejmuje prowadzenie kin, multipleksów, kin studyjnych, plenerowych, seansów filmowych."
59.20.Z,"Działalność w zakresie nagrań dźwiękowych i muzycznych","Obejmuje nagrywanie muzyki, produkcję płyt, albumów, singli. Prowadzenie studiów nagraniowych, produkcję fonograficzną, mastering audio."
60.10.Z,"Nadawanie programów radiofonicznych","Obejmuje nadawanie audycji radiowych, prowadzenie stacji radiowych, rozgłośni, radia internetowego."
60.20.Z,"Nadawanie programów telewizyjnych ogólnodostępnych i abonamentowych","Obejmuje nadawanie programów telewizyjnych, prowadzenie stacji telewizyjnych, telewizji kablowej, satelitarnej, IPTV, platform streamingowych."
61.10.Z,"Działalność w zakresie telekomunikacji przewodowej","Obejmuje świadczenie usług telekomunikacji stacjonarnej, dostępu do Internetu DSL, FTTH, telewizji kablowej, telefonii stacjonarnej."
61.20.Z,"Działalność w zakresie telekomunikacji bezprzewodowej","Obejmuje świadczenie usług telefonii komórkowej, mobilnego Internetu, LTE, 5G. Operatorzy sieci komórkowych."
61.30.Z,"Działalność w zakresie telekomunikacji satelitarnej","Obejmuje świadczenie usług telekomunikacji satelitarnej, telewizji satelitarnej, Internetu satelitarnego."
61.90.Z,"Działalność w zakresie pozostałej telekomunikacji","Obejmuje świadczenie usług VoIP, wideokonferencji, dostępu do Internetu przez WiFi, hotspoty."
62.01.Z,"Działalność związana z oprogramowaniem","Obejmuje tworzenie oprogramowania, programowanie, kodowanie, pisanie programów komputerowych, aplikacji mobilnych, webowych. Projektowanie i rozwój oprogramowania, software house. Tworzenie stron internetowych."
62.02.Z,"Działalność związana z doradztwem w zakresie informatyki","Obejmuje doradztwo IT, konsulting informatyczny, planowanie systemów informatycznych, audyty IT, doradztwo w zakresie bezpieczeństwa informatycznego, wdrażanie systemów ERP, CRM."
62.03.Z,"Działalność związana z zarządzaniem urządzeniami informatycznymi","Obejmuje zarządzanie sieciami komputerowymi, administrowanie serwerami, outsourcing IT, hosting, kolokacja, zarządzanie infrastrukturą IT, helpdesk."
62.09.Z,"Pozostała działalność usługowa w zakresie technologii informatycznych i komputerowych","Obejmuje odzyskiwanie danych, instalację oprogramowania, konfigurację komputerów, szkolenia z obsługi komputerów."
63.11.Z,"Przetwarzanie danych; zarządzanie stronami internetowymi (hosting) i podobna działalność","Obejmuje przetwarzanie danych, hosting stron internetowych, kolokacja serwerów, centra danych, cloud computing, usługi chmurowe, SaaS, PaaS, IaaS, streaming danych."
63.12.Z,"Działalność portali internetowych","Obejmuje prowadzenie portali internetowych, wortali, serwisów informacyjnych, portali społecznościowych, forów internetowych, blogów."
63.91.Z,"Działalność agencji informacyjnych","Obejmuje działalność agencji prasowych, dostarczanie informacji mediom, fotoreportaże, serwisy informacyjne."
63.99.Z,"Pozostała działalność usługowa w zakresie informacji, gdzie indziej niesklasyfikowana","Obejmuje usługi informacyjne telefoniczne, usługi wyszukiwania informacji, clipping medialny."
64.11.Z,"Działalność banku centralnego","Obejmuje działalność Narodowego Banku Polskiego, emisję pieniądza, politykę pieniężną, nadzór bankowy."
64.19.Z,"Pozostałe pośrednictwo pieniężne","Obejmuje działalność banków komercyjnych, przyjmowanie depozytów, udzielanie kredytów, pożyczek. Prowadzenie rachunków bankowych, operacje bankowe."
64.20.Z,"Działalność holdingów finansowych","Obejmuje zarządzanie grupą spółek zależnych, holdingami, spółkami matkami, kontrolę finansową grupy kapitałowej."
64.30.Z,"Działalność trustów, funduszów i podobnych instytucji finansowych","Obejmuje działalność funduszy inwestycyjnych, funduszy powierniczych, trustów, fundacji inwestycyjnych, TFI."
64.91.Z,"Leasing finansowy","Obejmuje leasing finansowy pojazdów, maszyn, urządzeń, nieruchomości. Umowy leasingowe z opcją wykupu."
64.92.Z,"Pozostałe formy udzielania kredytów","Obejmuje udzielanie pożyczek poza systemem bankowym, firmy pożyczkowe, lombardy, pożyczki konsumenckie, chwilówki, faktoring, kredyty hipoteczne."
64.99.Z,"Pozostała finansowa działalność usługowa, gdzie indziej niesklasyfikowana, z wyłączeniem ubezpieczeń i funduszów emerytalnych","Obejmuje działalność inwestycyjną na własny rachunek, obrót papierami wartościowymi, venture capital, fundusze private equity."
65.11.Z,"Ubezpieczenia na życie","Obejmuje ubezpieczenia na życie, na dożycie, ubezpieczenia z funduszem inwestycyjnym, polisy na życie."
65.12.Z,"Pozostałe ubezpieczenia osobowe oraz ubezpieczenia majątkowe","Obejmuje ubezpieczenia komunikacyjne OC, AC, ubezpieczenia majątkowe, od ognia, kradzieży, zdrowotne, podróżne, NNW, ubezpieczenia OC działalności, rolnicze."
65.20.Z,"Reasekuracja","Obejmuje reasekurację, ubezpieczenie zakładów ubezpieczeniowych, retrocesję."
66.11.Z,"Zarządzanie rynkami finansowymi","Obejmuje prowadzenie giełd papierów wartościowych, giełd towarowych, izb rozliczeniowych."
66.12.Z,"Działalność maklerska związana z rynkiem papierów wartościowych i towarów giełdowych","Obejmuje usługi maklerskie, obrót papierami wartościowymi, akcjami, obligacjami, instrumentami pochodnymi, pośrednictwo giełdowe."
66.19.Z,"Pozostała działalność wspomagająca usługi finansowe, z wyłączeniem ubezpieczeń i funduszów emerytalnych","Obejmuje doradztwo finansowe, pośrednictwo kredytowe, kantory wymiany walut, usługi płatnicze, przetwarzanie transakcji kartami."
66.22.Z,"Działalność agentów i brokerów ubezpieczeniowych","Obejmuje pośrednictwo ubezpieczeniowe, agencje ubezpieczeniowe, brokerzy ubezpieczeniowi, multiagencje."
66.30.Z,"Działalność związana z zarządzaniem funduszami","Obejmuje zarządzanie portfelami inwestycyjnymi, zarządzanie funduszami emerytalnymi, inwestycyjnymi, hedge fund."
68.10.Z,"Kupno i sprzedaż nieruchomości na własny rachunek","Obejmuje kupno i sprzedaż nieruchomości: mieszkań, domów, gruntów, lokali użytkowych. Działalność deweloperska, flipowanie nieruchomości."
68.20.Z,"Wynajem i zarządzanie nieruchomościami własnymi lub dzierżawionymi","Obejmuje wynajem mieszkań, lokali użytkowych, biur, magazynów, hal. Zarządzanie własnymi nieruchomościami na wynajem."
68.31.Z,"Pośrednictwo w obrocie nieruchomościami","Obejmuje pośrednictwo w kupnie, sprzedaży, wynajmie nieruchomości. Agencje nieruchomości, biura nieruchomości, agenci nieruchomości."
68.32.Z,"Zarządzanie nieruchomościami wykonywane na zlecenie","Obejmuje administrowanie nieruchomościami, zarządzanie budynkami, wspólnotami mieszkaniowymi, spółdzielniami. Usługi facility management."
69.10.Z,"Działalność prawnicza","Obejmuje usługi prawne, porady prawne, kancelarie adwokackie, radcowskie, notarialne. Reprezentacja prawna, sporządzanie aktów notarialnych, umów, opinii prawnych."
69.20.Z,"Działalność rachunkowo-księgowa; doradztwo podatkowe","Obejmuje usługi księgowe, prowadzenie ksiąg rachunkowych, biura rachunkowe, doradztwo podatkowe, rozliczenia podatkowe, audyt finansowy, rewizja sprawozdań finansowych, biegły rewident."
70.10.Z,"Działalność firm centralnych (head offices) i holdingów, z wyłączeniem holdingów finansowych","Obejmuje zarządzanie grupą spółek, planowanie strategiczne, kontrolę operacyjną grupy przedsiębiorstw."
70.21.Z,"Stosunki międzyludzkie (public relations) i komunikacja","Obejmuje usługi PR, public relations, komunikację korporacyjną, zarządzanie wizerunkiem, media relations, doradztwo wizerunkowe."
70.22.Z,"Pozostałe doradztwo w zakresie prowadzenia działalności gospodarczej i zarządzania","Obejmuje doradztwo gospodarcze, konsulting biznesowy, doradztwo strategiczne, zarządcze, operacyjne, restrukturyzacyjne. Coaching biznesowy."
71.11.Z,"Działalność w zakresie architektury","Obejmuje projektowanie architektoniczne budynków, planowanie urbanistyczne, projektowanie wnętrz, krajobrazowe. Biura architektoniczne, pracownie projektowe."
71.12.Z,"Działalność w zakresie inżynierii i związane z nią doradztwo techniczne","Obejmuje projektowanie inżynieryjne: konstrukcyjne, instalacyjne, drogowe, mostowe, środowiskowe. Doradztwo techniczne, nadzór budowlany, rzeczoznawstwo budowlane."
71.20.A,"Badania i analizy związane z jakością żywności","Obejmuje laboratoria badania żywności, kontrolę jakości żywności, analizy chemiczne, mikrobiologiczne, badania HACCP, certyfikację żywności."
71.20.B,"Pozostałe badania i analizy techniczne","Obejmuje laboratoria badawcze, analizy chemiczne, fizyczne, biologiczne, badania wytrzymałości materiałów, kalibrację, certyfikację, inspekcję techniczną."
72.11.Z,"Badania naukowe i prace rozwojowe w dziedzinie biotechnologii","Obejmuje badania biotechnologiczne, inżynierię genetyczną, badania DNA, genomikę, proteomikę, biotechnologię medyczną, rolniczą, przemysłową."
72.19.Z,"Badania naukowe i prace rozwojowe w dziedzinie pozostałych nauk przyrodniczych i technicznych","Obejmuje badania w dziedzinie fizyki, chemii, biologii, matematyki, informatyki, medycyny, farmacji, rolnictwa, inżynierii, nauk o ziemi. Prace badawczo-rozwojowe, R&D."
72.20.Z,"Badania naukowe i prace rozwojowe w dziedzinie nauk społecznych i humanistycznych","Obejmuje badania w dziedzinie ekonomii, socjologii, psychologii, prawa, lingwistyki, historii, filozofii, nauk politycznych."
73.11.Z,"Działalność agencji reklamowych","Obejmuje tworzenie kampanii reklamowych, projektowanie reklam, strategia marketingowa, planowanie mediów, kreacja reklamowa. Agencje reklamowe, domy mediowe."
73.12.Z,"Pośrednictwo w sprzedaży czasu i miejsca na cele reklamowe w mediach","Obejmuje sprzedaż powierzchni reklamowej w prasie, telewizji, radio, Internecie, na billboardach. Pośrednictwo reklamowe."
73.20.Z,"Badanie rynku i opinii publicznej","Obejmuje badania marketingowe, badania rynku, sondaże opinii publicznej, ankietowanie, grupy focusowe, analizy konsumenckie."
74.10.Z,"Działalność w zakresie specjalistycznego projektowania","Obejmuje projektowanie wzornictwa przemysłowego, graficzne, mody, wnętrz. Design produktów, UX/UI design, projektowanie opakowań, identyfikacja wizualna."
74.20.Z,"Działalność fotograficzna","Obejmuje fotografię portretową, reklamową, reportażową, ślubną, produktową, studyjną. Studia fotograficzne, obróbka zdjęć."
74.30.Z,"Działalność związana z tłumaczeniami","Obejmuje tłumaczenia pisemne, ustne, przysięgłe, techniczne, literackie, specjalistyczne. Biura tłumaczeń, tłumacze."
74.90.Z,"Pozostała działalność profesjonalna, naukowa i techniczna, gdzie indziej niesklasyfikowana","Obejmuje doradztwo środowiskowe, doradztwo w zakresie bezpieczeństwa, ekspertyzy, rzeczoznawstwo, pośrednictwo patentowe."
75.00.Z,"Działalność weterynaryjna","Obejmuje leczenie zwierząt, kliniki weterynaryjne, gabinety weterynaryjne, szczepienia zwierząt, operacje weterynaryjne, leczenie zwierząt domowych i gospodarskich."
77.11.Z,"Wynajem i dzierżawa samochodów osobowych i furgonetek","Obejmuje wynajem krótko i długoterminowy samochodów osobowych, furgonetek. Wypożyczalnie samochodów, rent-a-car."
77.12.Z,"Wynajem i dzierżawa pozostałych pojazdów samochodowych, z wyłączeniem motocykli","Obejmuje wynajem samochodów ciężarowych, autobusów, przyczep, naczep, lawet."
77.21.Z,"Wypożyczanie i dzierżawa sprzętu rekreacyjnego i sportowego","Obejmuje wypożyczanie nart, snowboardów, rowerów, kajaków, łodzi, sprzętu campingowego, namiotów."
77.29.Z,"Wypożyczanie i dzierżawa pozostałych artykułów użytku osobistego i domowego","Obejmuje wypożyczanie odzieży, kostiumów, biżuterii, mebli, sprzętu AGD, narzędzi, książek."
77.31.Z,"Wynajem i dzierżawa maszyn i urządzeń rolniczych","Obejmuje wynajem ciągników, kombajnów, siewników, opryskiwaczy, maszyn rolniczych."
77.32.Z,"Wynajem i dzierżawa maszyn i urządzeń budowlanych","Obejmuje wynajem koparek, ładowarek, dźwigów, rusztowań, betoniarek, walców, agregatów, maszyn budowlanych."
77.33.Z,"Wynajem i dzierżawa maszyn i urządzeń biurowych, włączając komputery","Obejmuje wynajem komputerów, drukarek, kserokopiarek, projektorów, sprzętu biurowego."
77.39.Z,"Wynajem i dzierżawa pozostałych maszyn, urządzeń oraz dóbr materialnych, gdzie indziej niesklasyfikowane","Obejmuje wynajem generatorów, silników, maszyn przemysłowych, kontenerów, palet."
77.40.Z,"Dzierżawa własności intelektualnej i podobnych produktów, z wyłączeniem prac chronionych prawem autorskim","Obejmuje licencjonowanie patentów, znaków towarowych, franczyzę, dzierżawę praw do własności przemysłowej."
78.10.Z,"Działalność związana z wyszukiwaniem miejsc pracy i pozyskiwaniem pracowników","Obejmuje rekrutację pracowników, headhunting, agencje zatrudnienia, pośrednictwo pracy, doradztwo personalne, HR."
78.20.Z,"Działalność agencji pracy tymczasowej","Obejmuje udostępnianie pracowników tymczasowych, praca tymczasowa, agencje pracy tymczasowej, leasing pracowniczy."
78.30.Z,"Pozostała działalność związana z udostępnianiem pracowników","Obejmuje outsourcing kadrowy, delegowanie pracowników, body leasing, udostępnianie personelu."
79.11.A,"Działalność agentów turystycznych","Obejmuje sprzedaż wycieczek, biletów lotniczych, rezerwację hoteli, organizację podróży przez agentów turystycznych."
79.12.Z,"Działalność organizatorów turystyki","Obejmuje organizację wycieczek, pakietów turystycznych, biuro podróży, touroperator, pilotaż wycieczek."
79.90.A,"Działalność pilotów wycieczek i przewodników turystycznych","Obejmuje usługi pilotów wycieczek, przewodników turystycznych, przewodnictwo po miastach, obiektach turystycznych."
80.10.Z,"Działalność ochroniarska, z wyłączeniem działalności detektywistycznej","Obejmuje usługi ochrony osób i mienia, agencje ochrony, ochroniarze, konwojowanie wartości, patrole ochronne."
80.20.Z,"Działalność ochroniarska w zakresie obsługi systemów bezpieczeństwa","Obejmuje instalację i monitorowanie alarmów, systemów CCTV, monitoringu wizyjnego, systemów przeciwwłamaniowych, kontroli dostępu."
80.30.Z,"Działalność detektywistyczna","Obejmuje usługi detektywistyczne, biura detektywistyczne, wywiad gospodarczy, prywatni detektywi."
81.10.Z,"Działalność pomocnicza związana z utrzymaniem porządku w budynkach","Obejmuje zarządzanie budynkami, usługi konsjerża, dozorcy, portiera, utrzymanie porządku w budynkach."
81.21.Z,"Niespecjalistyczne sprzątanie budynków i obiektów przemysłowych","Obejmuje sprzątanie biur, szkół, szpitali, fabryk, hal. Firmy sprzątające, usługi porządkowe, mycie podłóg, odkurzanie."
81.22.Z,"Specjalistyczne sprzątanie budynków i obiektów przemysłowych","Obejmuje mycie okien, czyszczenie elewacji, pranie dywanów, czyszczenie przemysłowe, dezynfekcję, dezynsekcję, deratyzację, fumigację."
81.29.Z,"Pozostałe sprzątanie","Obejmuje sprzątanie pojazdów: autobusów, pociągów, samolotów. Odśnieżanie dróg, parkingów, zamiatanie ulic."
81.30.Z,"Działalność usługowa związana z zagospodarowaniem terenów zieleni","Obejmuje projektowanie i urządzanie ogrodów, parków, terenów zielonych. Koszenie trawników, przycinanie żywopłotów, sadzenie roślin, pielęgnację zieleni, usługi ogrodnicze."
82.11.Z,"Działalność usługowa związana z administracyjną obsługą biura","Obejmuje usługi administracyjne, obsługę biurową, sekretariat, wirtualne biuro, rejestrację korespondencji."
82.19.Z,"Wykonywanie fotokopii, przygotowywanie dokumentów i pozostała specjalistyczna działalność wspomagająca prowadzenie biura","Obejmuje kserowanie, drukowanie, bindowanie, laminowanie dokumentów. Punkty ksero, przepisywanie tekstów."
82.20.Z,"Działalność centrów telefonicznych (call center)","Obejmuje prowadzenie call center, contact center, obsługę telefoniczną klientów, telemarketing, ankietowanie telefoniczne."
82.30.Z,"Działalność związana z organizacją targów, wystaw i kongresów","Obejmuje organizację targów handlowych, wystaw, konferencji, kongresów, eventów, imprez firmowych, seminariów."
82.91.Z,"Działalność świadczona przez agencje inkasa i biura kredytowe","Obejmuje windykację należności, odzyskiwanie długów, agencje inkasa, biura informacji kredytowej, BIK."
82.92.Z,"Działalność związana z pakowaniem","Obejmuje pakowanie towarów na zlecenie, konfekcjonowanie, etykietowanie, foliowanie, pakowanie prezentów."
82.99.Z,"Pozostała działalność wspomagająca prowadzenie działalności gospodarczej, gdzie indziej niesklasyfikowana","Obejmuje usługi stenograficzne, zbieranie monet z parkometrów, działalność agencji komercyjnych, usługi wspomagające biznes."
85.10.Z,"Wychowanie przedszkolne","Obejmuje prowadzenie przedszkoli, żłobków, klubów dziecięcych, punktów przedszkolnych, opieki nad dziećmi w wieku przedszkolnym."
85.20.Z,"Szkoły podstawowe","Obejmuje prowadzenie szkół podstawowych, edukację na poziomie podstawowym, nauczanie dzieci klas 1-8."
85.42.B,"Szkoły wyższe","Obejmuje prowadzenie uczelni wyższych, uniwersytetów, politechnik, akademii, studiów licencjackich, magisterskich, doktoranckich."
85.51.Z,"Pozaszkolne formy edukacji sportowej oraz zajęć sportowych i rekreacyjnych","Obejmuje szkoły sportowe, kursy pływania, tenisa, jazdy konnej, tańca, jogi, gimnastyki. Instruktorzy sportowi."
85.52.Z,"Pozaszkolne formy edukacji artystycznej","Obejmuje szkoły muzyczne, plastyczne, aktorskie, kursy malarstwa, rysunku, rzeźby, gry na instrumentach, śpiewu."
85.53.Z,"Pozaszkolne formy edukacji z zakresu nauki jazdy i pilotażu","Obejmuje szkoły jazdy, kursy prawa jazdy, szkoły pilotażu, kursy lotnicze, kursy żeglarskie, motorowodne."
85.59.A,"Nauka języków obcych","Obejmuje szkoły językowe, kursy języka angielskiego, niemieckiego, francuskiego, hiszpańskiego, korepetycje językowe."
85.59.B,"Pozostałe pozaszkolne formy edukacji, gdzie indziej niesklasyfikowane","Obejmuje kursy komputerowe, szkolenia zawodowe, kursy pierwszej pomocy, szkolenia BHP, korepetycje, e-learning, kursy online."
85.60.Z,"Działalność wspomagająca edukację","Obejmuje doradztwo edukacyjne, poradnie psychologiczno-pedagogiczne, egzaminy, komisje egzaminacyjne."
86.10.Z,"Działalność szpitali","Obejmuje prowadzenie szpitali ogólnych, specjalistycznych, klinik, oddziałów szpitalnych, leczenie szpitalne, hospitalizację, chirurgię, ortopedię."
86.21.Z,"Praktyka lekarska ogólna","Obejmuje działalność lekarzy pierwszego kontaktu, lekarzy rodzinnych, medycyny ogólnej, POZ, przychodnie, gabinety lekarskie."
86.22.Z,"Praktyka lekarska specjalistyczna","Obejmuje działalność lekarzy specjalistów: kardiologów, dermatologów, neurologów, okulistów, laryngologów, ginekologów, urologów, psychiatrów, ortopedów, chirurgów."
86.23.Z,"Praktyka lekarska dentystyczna","Obejmuje gabinety stomatologiczne, dentyści, ortodonci, chirurgia stomatologiczna, protetyka, leczenie kanałowe, wybielanie zębów, implanty."
86.90.A,"Działalność fizjoterapeutyczna","Obejmuje fizjoterapię, rehabilitację, masaże lecznicze, kinezyterapię, fizykoterapię, ćwiczenia rehabilitacyjne, terapię manualną."
86.90.C,"Praktyka pielęgniarek i położnych","Obejmuje usługi pielęgniarskie, opieka pielęgniarska domowa, gabinety pielęgniarskie, praktyka położnych, opieka nad matką i dzieckiem."
86.90.D,"Działalność paramedyczna","Obejmuje usługi ratowników medycznych, diagnostykę laboratoryjną, działalność laboratoriów medycznych, badania krwi, analitykę medyczną."
86.90.E,"Pozostała działalność w zakresie opieki zdrowotnej, gdzie indziej niesklasyfikowana","Obejmuje terapię zajęciową, logopedię, psychoterapię, dietetykę, akupunkturę, homeopatię, naturopatię, podologię, optometrię."
87.10.Z,"Pomoc społeczna z zakwaterowaniem zapewniająca opiekę pielęgniarską","Obejmuje domy opieki, domy pomocy społecznej z opieką pielęgniarską, zakłady opiekuńczo-lecznicze, hospicja."
87.20.Z,"Pomoc społeczna z zakwaterowaniem dla osób z zaburzeniami psychicznymi, uzależnionych od alkoholu i od substancji odurzających","Obejmuje ośrodki leczenia uzależnień, centra terapii, domy dla osób z zaburzeniami psychicznymi, odwykowe."
87.30.Z,"Pomoc społeczna z zakwaterowaniem dla osób w podeszłym wieku i osób niepełnosprawnych","Obejmuje domy spokojnej starości, domy seniora, domy opieki dla starszych, rezydencje senioralne, domy dla niepełnosprawnych."
87.90.Z,"Pozostała pomoc społeczna z zakwaterowaniem","Obejmuje schroniska dla bezdomnych, domy samotnej matki, ośrodki wychowawcze, pogotowia opiekuńcze."
88.10.Z,"Pomoc społeczna bez zakwaterowania dla osób w podeszłym wieku i osób niepełnosprawnych","Obejmuje dzienne domy opieki, kluby seniora, ośrodki wsparcia, pomoc w domu dla osób starszych i niepełnosprawnych."
88.91.Z,"Opieka dzienna nad dziećmi","Obejmuje żłobki, opiekunki do dzieci, opieka dzienna, świetlice dla dzieci, kluby malucha, nianie."
88.99.Z,"Pozostała pomoc społeczna bez zakwaterowania, gdzie indziej niesklasyfikowana","Obejmuje poradnie rodzinne, ośrodki pomocy społecznej, centra integracji, telefony zaufania, pomoc humanitarna."
90.01.Z,"Działalność związana z wystawianiem przedstawień artystycznych","Obejmuje spektakle teatralne, koncerty, występy muzyczne, operę, balet, kabaret, cyrk, przedstawienia artystyczne."
90.02.Z,"Działalność wspomagająca wystawianie przedstawień artystycznych","Obejmuje reżyserię, scenografię, charakteryzację, oświetlenie sceny, nagłośnienie, działalność techniczną na potrzeby wydarzeń artystycznych."
90.03.Z,"Artystyczna i literacka działalność twórcza","Obejmuje działalność artystów, malarzy, rzeźbiarzy, grafików, pisarzy, poetów, kompozytorów, muzyków, aktorów, tancerzy."
90.04.Z,"Działalność obiektów kulturalnych","Obejmuje prowadzenie domów kultury, ośrodków kultury, centrów kulturalnych, sal koncertowych, filharmonii."
91.01.A,"Działalność bibliotek","Obejmuje prowadzenie bibliotek publicznych, naukowych, szkolnych, wypożyczanie książek, mediateki."
91.02.Z,"Działalność muzeów","Obejmuje prowadzenie muzeów, galerii sztuki, wystaw stałych i czasowych, kolekcji, ekspozycji muzealnych."
91.03.Z,"Działalność historycznych miejsc i budynków oraz podobnych atrakcji turystycznych","Obejmuje utrzymanie i udostępnianie zabytków, zamków, pałaców, ruin, pomników, miejsc historycznych."
91.04.Z,"Działalność ogrodów botanicznych i zoologicznych oraz obszarów i obiektów ochrony przyrody","Obejmuje prowadzenie ogrodów zoologicznych, zoo, ogrodów botanicznych, akwariów, parków narodowych, rezerwatów przyrody."
92.00.Z,"Działalność związana z grami losowymi i zakładami wzajemnymi","Obejmuje prowadzenie kasyn, salonów gier, automatów do gier, loterii, zakładów bukmacherskich, zakładów sportowych, gier hazardowych online."
93.11.Z,"Działalność obiektów sportowych","Obejmuje prowadzenie stadionów, hal sportowych, basenów, kortów tenisowych, lodowisk, torów wyścigowych, strzelnic, hipodromów."
93.12.Z,"Działalność klubów sportowych","Obejmuje prowadzenie klubów sportowych: piłkarskich, koszykarskich, siatkarskich, lekkoatletycznych, pływackich. Szkolenie sportowców."
93.13.Z,"Działalność obiektów służących poprawie kondycji fizycznej","Obejmuje prowadzenie siłowni, fitness clubów, klubów fitness, centrów rekreacyjnych, SPA, sauny."
93.19.Z,"Pozostała działalność związana ze sportem","Obejmuje organizację wydarzeń sportowych, zawodów, turniejów, lig sportowych, działalność sędziów, trenerów."
93.21.Z,"Działalność wesołych miasteczek i parków rozrywki","Obejmuje prowadzenie parków rozrywki, wesołych miasteczek, parków wodnych, lunaparków."
93.29.Z,"Pozostała działalność rozrywkowa i rekreacyjna","Obejmuje prowadzenie escape roomów, kręgielni, bilardów, parków trampolin, paintballu, sal zabaw, dyskoteki."
94.11.Z,"Działalność organizacji komercyjnych i pracodawców","Obejmuje izby handlowe, izby gospodarcze, organizacje pracodawców, związki pracodawców."
94.12.Z,"Działalność organizacji profesjonalnych","Obejmuje samorządy zawodowe, izby lekarskie, adwokackie, inżynierskie, stowarzyszenia branżowe."
94.20.Z,"Działalność związków zawodowych","Obejmuje działalność związków zawodowych, organizacji pracowniczych, ochronę praw pracowników."
94.91.Z,"Działalność organizacji religijnych","Obejmuje działalność kościołów, parafii, zakonów, organizacji religijnych, misji, duszpasterstw."
94.99.Z,"Działalność pozostałych organizacji członkowskich, gdzie indziej niesklasyfikowana","Obejmuje stowarzyszenia, fundacje, organizacje pozarządowe, NGO, kluby hobbystyczne, organizacje charytatywne."
95.11.Z,"Naprawa i konserwacja komputerów i urządzeń peryferyjnych","Obejmuje naprawę komputerów, laptopów, drukarek, monitorów. Serwis komputerowy, wymiana podzespołów, czyszczenie, modernizacja."
95.12.Z,"Naprawa i konserwacja sprzętu (tele)komunikacyjnego","Obejmuje naprawę telefonów, smartfonów, tabletów, wymiana ekranów, baterii, serwis GSM."
95.21.Z,"Naprawa i konserwacja elektronicznego sprzętu powszechnego użytku","Obejmuje naprawę telewizorów, radioodbiorników, odtwarzaczy, kamer, sprzętu audio-wideo."
95.22.Z,"Naprawa i konserwacja urządzeń gospodarstwa domowego oraz sprzętu użytku domowego i ogrodniczego","Obejmuje naprawę pralek, lodówek, zmywarek, kuchenek, mikrofalówek, odkurzaczy, żelazek. Naprawa kosiarek, pilarek."
95.23.Z,"Naprawa obuwia i wyrobów skórzanych","Obejmuje naprawę obuwia, szewstwo, wymiana obcasów, zelówek, naprawa torebek, walizek, pasków skórzanych."
95.24.Z,"Naprawa i konserwacja mebli i wyposażenia domowego","Obejmuje naprawę mebli, tapicerowanie, renowację mebli, odnawianie, lakierowanie mebli."
95.25.Z,"Naprawa zegarków, zegarów i biżuterii","Obejmuje naprawę zegarków, zegarów, biżuterii, złotnictwo naprawcze, wymiana baterii w zegarkach."
95.29.Z,"Naprawa pozostałych artykułów użytku osobistego i domowego","Obejmuje naprawę rowerów, instrumentów muzycznych, zabawek, naprawa odzieży, usługi krawieckie naprawcze."
96.01.Z,"Pranie i czyszczenie wyrobów włókienniczych i futrzarskich","Obejmuje pralnie chemiczne, pralnie wodne, magle, czyszczenie chemiczne odzieży, pranie dywanów, firan, mundurów, pościeli."
96.02.Z,"Fryzjerstwo i pozostałe zabiegi kosmetyczne","Obejmuje salony fryzjerskie, zakłady fryzjerskie, strzyżenie, farbowanie, modelowanie włosów. Salony kosmetyczne, zabiegi pielęgnacyjne, manicure, pedicure, makijaż, depilacja, przedłużanie rzęs."
96.03.Z,"Pogrzeby i działalność pokrewna","Obejmuje zakłady pogrzebowe, organizacja pogrzebów, kremacja, balsamowanie, sprzedaż trumien, urn, prowadzenie cmentarzy."
96.04.Z,"Działalność usługowa związana z poprawą kondycji fizycznej","Obejmuje salony SPA, łaźnie tureckie, sauny, solaria, masaże relaksacyjne, gabinety odnowy biologicznej."
96.09.Z,"Pozostała działalność usługowa, gdzie indziej niesklasyfikowana","Obejmuje usługi astrologiczne, wróżbiarskie, towarzyskie. Automaty do zdjęć, szatnie, toalety publiczne, salony tatuażu, piercingu."
97.00.Z,"Gospodarstwa domowe zatrudniające pracowników","Obejmuje zatrudnianie pomocy domowej, pokojówek, kucharzy, ogrodników, opiekunów, szoferów przez gospodarstwa domowe."
99.00.Z,"Organizacje i zespoły eksterytorialne","Obejmuje działalność organizacji międzynarodowych, ambasad, konsulatów, ONZ, NATO, UE na terytorium Polski."
